10000001,Television/DVD/VCR Combination,120,0.167,false,0.0
10000001,Television - 36 inch,133,0.167,false,0.0
10000001,Television - 55 inch,220,0.167,false,0.0
10000001,Dishwasher (With Dry Cycle),1000,0.025,true,0.25
10000001,Lighting - 5 rooms (10 60W),600,0.167,false,0.0
10000001,Lighting - Fluorescent 2 bulb,100,0.33,false,0.0
10000001,Fish Tank (10 Gallon),80,1.0,false,0.0
10000001,Computer Printer (Printing),600,0.01,false,0.0
10000001,Television - 19 inch,100,0.167,false,0.0
10000001,Slow Cooker,200,0.05,false,0.0
10000001,Hair Dryer (Hand Held),1500,0.01,true,0.25
10000001,Lawn Equipment - Weed Eater,500,0.01,false,0.0
10000001,Clothes Washer,1200,0.025,true,0.25
10000001,DVD,60,0.167,false,0.0
10000001,Fan (Attic),500,0.1,true,0.25
10000001,Refrigerator - 1.7 cu. ft.,126,1.0,true,0.25
10000001,Refrigerator - 14 cu. ft. - Frostfree,383,1.0,true,0.25
10000001,Vacuum - Regular,1440,0.01,false,0.0
10000001,Television Plasma 42' - 50',375,0.167,false,0.0
10000001,Exercise Equipment - Treadmill 2 H.P.,2000,0.025,false,0.0
10000002,Television - 27 inch,125,0.167,false,0.0
10000002,Ceiling Fan with 3 - 60 Watt Bulbs,230,0.25,false,0.0
10000002,Lighting - 75 Watt,75,0.33,false,0.0
10000002,Lighting - Chandelier 5 - 40 Watt Bulbs,200,0.33,false,0.0
10000002,Lawn Mower,3000,0.01,false,0.0
10000002,Coffee Maker,900,0.01,false,0.0
10000002,Fan,200,0.1,false,0.0
10000002,Television - 32 inch,130,0.167,false,0.0
10000002,Lighting - 100 Watt,100,0.33,false,0.0
10000002,Freezer - Upright/Chest 17 cu.ft. - Frostfree,600,1.0,true,0.25
10000002,Stereo,75,0.25,false,0.0
10000002,Laptop,75,0.25,true,0.5
10000002,Video Game,200,0.167,false,0.0
10000002,Electric Frying Pan,1500,0.01,false,0.0
10000002,Air Purifier,120,1.0,true,0.5
10000002,Ceiling Fan with 3 - 60 Watt Bulbs,230,0.25,false,0.0
10000002,Dishwasher (With Dry Cycle),1000,0.025,true,0.25
10000003,Bug Killer,40,0.5,false,0.0
10000003,Dishwasher (With Dry Cycle),1000,0.025,true,0.25
10000003,Air Conditioner - 5000 BTU,500,0.25,true,0.5
10000003,Television - 32 inch,130,0.167,false,0.0
10000003,Lighting - 7 rooms (12 60W),720,0.167,false,0.0
10000003,Refrigerator - 17 cu. ft - Frostfree,463,1.0,true,0.25
10000003,Stereo,75,0.25,false,0.0
10000003,Lighting - 10 rooms (15 60W),900,0.167,false,0.0
10000003,Refrigerator - 14 cu. ft. - Frostfree,383,1.0,true,0.25
10000003,Compactor (Trash),400,0.01,false,0.0
10000003,Freezer - Upright/Chest 17 cu.ft. - Frostfree,600,1.0,true,0.25
10000003,Toaster,1000,0.01,false,0.0
10000003,Television - 60 inch,240,0.167,false,0.0
10000003,Air Conditioner - 5000 BTU,500,0.25,true,0.5
10000003,Air Conditioner - 10000 BTU,1000,0.25,true,0.5
10000004,Refrigerator - 14 cu. ft. - Frostfree,383,1.0,true,0.25
10000004,Refrigerator - Freezer 24 cu. ft. - Frostfree,653,1.0,true,0.25
10000004,Lighting - Comp Fluorescent - 23 Watt,23,0.33,false,0.0
10000004,Fish Tank (10 Gallon),80,1.0,false,0.0
10000004,Television - 27 inch,125,0.167,false,0.0
10000004,Ceiling Fan with 3 - 60 Watt Bulbs,230,0.25,false,0.0
10000004,Lawn Mower,3000,0.01,false,0.0
10000004,Freezer - Upright/Chest 17 cu. ft,600,1.0,true,0.25
10000004,Lawn Mower,3000,0.01,false,0.0
10000004,Television - 36 inch,133,0.167,false,0.0
10000004,Dishwasher (With Dry Cycle),1000,0.025,true,0.25
10000004,Television - 27 inch,125,0.167,false,0.0
10000004,Fan,200,0.1,false,0.0
10000004,Freezer - Upright/Chest 17 cu. ft,600,1.0,true,0.25
10000004,Television - 55 inch,220,0.167,false,0.0
10000004,Fan (Attic),500,0.1,true,0.25
10000004,Television/DVD/VCR Combination,120,0.167,false,0.0
10000004,Oven,5000,0.01,false,0.0
10000004,Lighting - Chandelier 5 - 40 Watt Bulbs,200,0.33,false,0.0
10000004,Refrigerator - Freezer 21 cu. ft.- Side by Side,783,1.0,true,0.25
10000005,Fan,200,0.1,false,0.0
10000005,Range - Small Surface Unit,1200,0.01,false,0.0
10000005,Television - 13 inch,60,0.167,false,0.0
10000005,Fish Tank (50 Gallon),230,1.0,false,0.0
10000005,Exercise Equipment - Treadmill 2 H.P.,2000,0.025,false,0.0
10000005,Air Purifier,120,1.0,true,0.5
10000005,Computer with Monitor,270,0.5,true,0.5
10000005,Freezer - Upright/Chest 17 cu.ft. - Frostfree,600,1.0,true,0.25
10000005,Lighting - Chandelier 5 - 40 Watt Bulbs,200,0.33,false,0.0
10000005,Lawn Equipment - Hedge Trimmer,450,0.01,false,0.0
10000005,Range - Large Surface Unit,2400,0.01,false,0.0
10000005,Vacuum - Regular,1440,0.01,false,0.0
10000005,Answering Machine,10,1.0,false,0.0
10000005,Freezer - Upright/Chest 17 cu. ft,600,1.0,true,0.25
10000005,Fax Machine,10,1.0,false,0.0
10000005,Refrigerator - 1.7 cu. ft.,126,1.0,true,0.25
10000006,Fan (Window),200,0.25,false,0.0
10000006,Lighting - Fluorescent 2 bulb,100,0.33,false,0.0
10000006,Refrigerator - 1.7 cu. ft.,126,1.0,true,0.25
10000006,VCR,45,0.05,false,0.0
10000006,Refrigerator - 1.7 cu. ft.,126,1.0,true,0.25
10000006,Air Conditioner - 5000 BTU,500,0.25,true,0.5
10000006,Lighting - Halogen,90,0.33,false,0.0
10000006,Lighting - 40 Watt,40,0.33,false,0.0
10000006,Lighting - Comp Fluorescent - 23 Watt,23,0.33,false,0.0
10000006,Lighting - Chandelier 5 - 40 Watt Bulbs,200,0.33,false,0.0
10000006,Television - 32 inch,130,0.167,false,0.0
10000006,Lighting - 75 Watt,75,0.33,false,0.0
10000006,VCR,45,0.05,false,0.0
10000006,Refrigerator - 14 cu. ft. - Frostfree,383,1.0,true,0.25
10000006,Iron,1100,0.01,false,0.0
10000006,Exercise Equipment - Treadmill 2 H.P.,2000,0.025,false,0.0
10000006,Refrigerator - 21 cu.ft. - Frostfree,572,1.0,true,0.25
10000006,Range - Small Surface Unit,1200,0.01,false,0.0
10000007,Freezer - Upright/Chest 17 cu.ft. - Frostfree,600,1.0,true,0.25
10000007,Fan (Window),200,0.25,false,0.0
10000007,Dishwasher (Without Dry Cycle),200,0.025,true,0.25
10000007,Lawn Equipment - Hedge Trimmer,450,0.01,false,0.0
10000007,Refrigerator - 14 cu. ft. - Frostfree,383,1.0,true,0.25
10000007,Freezer - Upright/Chest 17 cu.ft. - Frostfree,600,1.0,true,0.25
10000007,Television - 36 inch,133,0.167,false,0.0
10000007,Refrigerator - Freezer 24 cu. ft. - Frostfree,653,1.0,true,0.25
10000007,Clock - Electric,3,1.0,false,0.0
10000007,Refrigerator - 14 cu. ft.,226,1.0,true,0.25
10000007,Fax Machine,10,1.0,false,0.0
10000007,Vacuum - Regular,1440,0.01,false,0.0
10000007,Lighting - 10 rooms (15 60W),900,0.167,false,0.0
10000007,Slow Cooker,200,0.05,false,0.0
10000007,Dishwasher (Without Dry Cycle),200,0.025,true,0.25
10000007,Air Conditioner - 7000 BTU,750,0.25,true,0.5
10000008,Clothes Washer,1200,0.025,true,0.25
10000008,Television - 25 inch,123,0.167,false,0.0
10000008,Vacuum - Regular,1440,0.01,false,0.0
10000008,Dishwasher (With Dry Cycle),1000,0.025,true,0.25
10000008,Ceiling Fan with 3 - 60 Watt Bulbs,230,0.25,false,0.0
10000008,Lighting - 10 rooms (15 60W),900,0.167,false,0.0
10000008,Television - 36 inch,133,0.167,false,0.0
10000008,Air Conditioner - 5000 BTU,500,0.25,true,0.5
10000008,Oven,5000,0.01,false,0.0
10000008,Lighting - 100 Watt,100,0.33,false,0.0
10000008,Telephone - Cordless,5,1.0,false,0.0
10000008,Refrigerator - 1.7 cu. ft.,126,1.0,true,0.25
10000008,Television - 55 inch,220,0.167,false,0.0
10000008,Television - 25 inch,123,0.167,false,0.0
10000008,Television - 43 inch,200,0.167,false,0.0
10000008,Air Conditioner - 7000 BTU,750,0.25,true,0.5
10000008,Dishwasher (With Dry Cycle),1000,0.025,true,0.25
10000008,Iron,1100,0.01,false,0.0
10000008,Exercise Equipment - Treadmill 2 H.P.,2000,0.025,false,0.0
10000009,Television - 43 inch,200,0.167,false,0.0
10000009,Fan (Window),200,0.25,false,0.0
10000009,Coffee Maker,900,0.01,false,0.0
10000009,Air Conditioner - 10000 BTU,1000,0.25,true,0.5
10000009,Refrigerator - 19 cu. ft. - Frostfree,509,1.0,true,0.25
10000009,Fax Machine,10,1.0,false,0.0
10000009,Stereo,75,0.25,false,0.0
10000009,Fish Tank (10 Gallon),80,1.0,false,0.0
10000009,Refrigerator - 14 cu. ft.,226,1.0,true,0.25
10000009,Exercise Equipment - Treadmill 3 H.P.,3000,0.025,false,0.0
10000009,Television - 60 inch,240,0.167,false,0.0
10000009,Hair Dryer (Hand Held),1500,0.01,true,0.25
10000009,Fax Machine,10,1.0,false,0.0
10000009,Laptop,75,0.25,true,0.5
10000009,Television - 27 inch,125,0.167,false,0.0
10000009,Air Conditioner - 7000 BTU,750,0.25,true,0.5
10000009,Range - Small Surface Unit,1200,0.01,false,0.0
10000009,Refrigerator - Freezer 25 cu. ft. - Side by Side,841,1.0,true,0.25
10000009,Lighting - Fluorescent 2 bulb,100,0.33,false,0.0
10000010,Lighting - 100 Watt,100,0.33,false,0.0
10000010,Oven,5000,0.01,false,0.0
10000010,Fan (Attic),500,0.1,true,0.25
10000010,Television - 60 inch,240,0.167,false,0.0
10000010,Clothes Dryer - Electric,5000,0.05,true,0.25
10000010,Oven,5000,0.01,false,0.0
10000010,Computer Printer (Printing),600,0.01,false,0.0
10000010,Dishwasher (With Dry Cycle),1000,0.025,true,0.25
10000010,Refrigerator - 14 cu. ft.,226,1.0,true,0.25
10000010,Television - 13 inch,60,0.167,false,0.0
10000010,Freezer - Upright/Chest 17 cu.ft. - Frostfree,600,1.0,true,0.25
10000010,Exercise Equipment - Treadmill 3 H.P.,3000,0.025,false,0.0
10000010,Microwave Oven,1500,0.01,false,0.0
10000010,Clothes Dryer - Electric,5000,0.05,true,0.25
10000010,Lawn Mower,3000,0.01,false,0.0
10000010,Ceiling Fan w/o light,50,0.25,false,0.0
10000010,Refrigerator - 21 cu.ft. - Frostfree,572,1.0,true,0.25
10000010,Lawn Equipment - Weed Eater,500,0.01,false,0.0
10000010,Lawn Equipment - Weed Eater,500,0.01,false,0.0
10000010,Dishwasher (With Dry Cycle),1000,0.025,true,0.25
10000011,Answering Machine,10,1.0,false,0.0
10000011,Fish Tank (50 Gallon),230,1.0,false,0.0
10000011,Television - 25 inch,123,0.167,false,0.0
10000011,Iron,1100,0.01,false,0.0
10000011,Range - Small Surface Unit,1200,0.01,false,0.0
10000011,Lighting - 7 rooms (12 60W),720,0.167,false,0.0
10000011,Television 42' - 50' Projection,24,0.167,false,0.0
10000011,Clothes Dryer - Electric,5000,0.05,true,0.25
10000011,DVD,60,0.167,false,0.0
10000011,Video Game,200,0.167,false,0.0
10000011,Toaster Oven,1500,0.05,false,0.0
10000011,Slow Cooker,200,0.05,false,0.0
10000011,Lawn Mower,3000,0.01,false,0.0
10000011,Lighting - Comp Fluorescent - 18 Watt,18,0.33,false,0.0
10000011,Microwave Oven,1500,0.01,false,0.0
10000011,Television - 27 inch,125,0.167,false,0.0
10000011,Television - 27 inch,125,0.167,false,0.0
10000011,VCR,45,0.05,false,0.0
10000011,Refrigerator - 14 cu. ft.,226,1.0,true,0.25
10000012,Range - Small Surface Unit,1200,0.01,false,0.0
10000012,Microwave Oven,1500,0.01,false,0.0
10000012,Refrigerator - Freezer 25 cu. ft. - Side by Side,841,1.0,true,0.25
10000012,Toaster Oven,1500,0.05,false,0.0
10000012,Lawn Equipment - Weed Eater,500,0.01,false,0.0
10000012,Laptop,75,0.25,true,0.5
10000012,Oven,5000,0.01,false,0.0
10000012,Clock - Electric,3,1.0,false,0.0
10000012,Laptop,75,0.25,true,0.5
10000012,Lighting - 5 rooms (10 60W),600,0.167,false,0.0
10000012,Refrigerator - 19 cu. ft. - Frostfree,509,1.0,true,0.25
10000012,Hair Dryer (Hand Held),1500,0.01,true,0.25
10000012,VCR,45,0.05,false,0.0
10000012,Lighting - 3 rooms (8 60W),480,0.167,false,0.0
10000012,Lighting - 100 Watt,100,0.33,false,0.0
10000012,Air Conditioner - 7000 BTU,750,0.25,true,0.5
10000012,Clock - Electric,3,1.0,false,0.0
10000012,Television Plasma 42' - 50',375,0.167,false,0.0
10000012,Vacuum - Regular,1440,0.01,false,0.0
10000013,Refrigerator - 14 cu. ft.,226,1.0,true,0.25
10000013,Refrigerator - 14 cu. ft. - Frostfree,383,1.0,true,0.25
10000013,Fish Tank (10 Gallon),80,1.0,false,0.0
10000013,Refrigerator - 14 cu. ft. - Frostfree,383,1.0,true,0.25
10000013,Clock - Electric,3,1.0,false,0.0
10000013,Refrigerator - 14 cu. ft. - Frostfree,383,1.0,true,0.25
10000013,Telephone - Cordless,5,1.0,false,0.0
10000013,Lighting - 3 rooms (8 60W),480,0.167,false,0.0
10000013,Dishwasher (With Dry Cycle),1000,0.025,true,0.25
10000013,Coffee Maker,900,0.01,false,0.0
10000013,Air Conditioner - 7000 BTU,750,0.25,true,0.5
10000013,Television - 55 inch,220,0.167,false,0.0
10000013,Range - Large Surface Unit,2400,0.01,false,0.0
10000013,Lighting - 5 rooms (10 60W),600,0.167,false,0.0
10000013,Range - Large Surface Unit,2400,0.01,false,0.0
10000014,Television - 27 inch,125,0.167,false,0.0
10000014,Coffee Maker,900,0.01,false,0.0
10000014,Ceiling Fan w/o light,50,0.25,false,0.0
10000014,Slow Cooker,200,0.05,false,0.0
10000014,Lighting - 60 Watt,60,0.33,false,0.0
10000014,Air Conditioner - 5000 BTU,500,0.25,true,0.5
10000014,Television - 32 inch,130,0.167,false,0.0
10000014,Fan (Attic),500,0.1,true,0.25
10000014,Lighting - 3 rooms (8 60W),480,0.167,false,0.0
10000014,Clock - Electric,3,1.0,false,0.0
10000014,Computer Printer (Printing),600,0.01,false,0.0
10000014,Lighting - 3 rooms (8 60W),480,0.167,false,0.0
10000014,Clothes Washer,1200,0.025,true,0.25
10000014,Oven,5000,0.01,false,0.0
10000014,Refrigerator - 19 cu. ft. - Frostfree,509,1.0,true,0.25
10000014,Lighting - Fluorescent 2 bulb,100,0.33,false,0.0
10000014,Exercise Equipment - Treadmill 2 H.P.,2000,0.025,false,0.0
10000014,Air Conditioner - 5000 BTU,500,0.25,true,0.5
10000015,Electric Frying Pan,1500,0.01,false,0.0
10000015,Fan,200,0.1,false,0.0
10000015,Television/DVD/VCR Combination,120,0.167,false,0.0
10000015,Fan (Attic),500,0.1,true,0.25
10000015,Freezer - Upright/Chest 17 cu.ft. - Frostfree,600,1.0,true,0.25
10000015,Television - 60 inch,240,0.167,false,0.0
10000015,Lighting - Comp Fluorescent - 23 Watt,23,0.33,false,0.0
10000015,Refrigerator - Freezer 24 cu. ft. - Frostfree,653,1.0,true,0.25
10000015,Computer Printer (Printing),600,0.01,false,0.0
10000015,Telephone - Cordless,5,1.0,false,0.0
10000015,Television - 32 inch,130,0.167,false,0.0
10000015,Electric Frying Pan,1500,0.01,false,0.0
10000015,Television 42' - 50' Projection,24,0.167,false,0.0
10000015,Lighting - 100 Watt,100,0.33,false,0.0
10000015,Clock - Electric,3,1.0,false,0.0
10000015,Lighting - 3 rooms (8 60W),480,0.167,false,0.0
10000015,Oven,5000,0.01,false,0.0
10000016,Television - 25 inch,123,0.167,false,0.0
10000016,Computer Printer (Printing),600,0.01,false,0.0
10000016,Lighting - Chandelier 5 - 40 Watt Bulbs,200,0.33,false,0.0
10000016,Dishwasher (Without Dry Cycle),200,0.025,true,0.25
10000016,Lighting - 10 rooms (15 60W),900,0.167,false,0.0
10000016,Dishwasher (With Dry Cycle),1000,0.025,true,0.25
10000016,Television - 32 inch,130,0.167,false,0.0
10000016,Dishwasher (Without Dry Cycle),200,0.025,true,0.25
10000016,Television - 36 inch,133,0.167,false,0.0
10000016,Exercise Equipment - Treadmill 2 H.P.,2000,0.025,false,0.0
10000016,Refrigerator - Freezer 21 cu. ft.- Side by Side,783,1.0,true,0.25
10000016,Air Purifier,120,1.0,true,0.5
10000016,Video Game,200,0.167,false,0.0
10000016,Lighting - Chandelier 5 - 40 Watt Bulbs,200,0.33,false,0.0
10000016,Lighting - 3 rooms (8 60W),480,0.167,false,0.0
10000016,Lighting - Comp Fluorescent - 23 Watt,23,0.33,false,0.0
10000016,Television - 27 inch,125,0.167,false,0.0
10000016,Freezer - Upright/Chest 17 cu. ft,600,1.0,true,0.25
10000017,Lighting - 5 rooms (10 60W),600,0.167,false,0.0
10000017,Refrigerator - Freezer 25 cu. ft. - Side by Side,841,1.0,true,0.25
10000017,Fan (Attic),500,0.1,true,0.25
10000017,Television - 27 inch,125,0.167,false,0.0
10000017,Lighting - 5 rooms (10 60W),600,0.167,false,0.0
10000017,Lighting - Fluorescent 2 bulb,100,0.33,false,0.0
10000017,Refrigerator - 14 cu. ft. - Frostfree,383,1.0,true,0.25
10000017,DVD,60,0.167,false,0.0
10000017,Air Conditioner - 10000 BTU,1000,0.25,true,0.5
10000017,DVD,60,0.167,false,0.0
10000017,Television - 55 inch,220,0.167,false,0.0
10000017,Lighting - 100 Watt,100,0.33,false,0.0
10000017,Lighting - 10 rooms (15 60W),900,0.167,false,0.0
10000017,Coffee Maker,900,0.01,false,0.0
10000017,Television 42' - 50' Projection,24,0.167,false,0.0
10000017,Lighting - 7 rooms (12 60W),720,0.167,false,0.0
10000017,Range - Small Surface Unit,1200,0.01,false,0.0
10000017,Compactor (Trash),400,0.01,false,0.0
10000017,Video Game,200,0.167,false,0.0
10000018,Range - Large Surface Unit,2400,0.01,false,0.0
10000018,Electric Frying Pan,1500,0.01,false,0.0
10000018,Air Conditioner - 7000 BTU,750,0.25,true,0.5
10000018,Video Game,200,0.167,false,0.0
10000018,Television - 25 inch,123,0.167,false,0.0
10000018,Television - 60 inch,240,0.167,false,0.0
10000018,Television - 43 inch,200,0.167,false,0.0
10000018,Television 42' - 50' Projection,24,0.167,false,0.0
10000018,Refrigerator - Freezer 24 cu. ft. - Frostfree,653,1.0,true,0.25
10000018,Iron,1100,0.01,false,0.0
10000018,Microwave Oven,1500,0.01,false,0.0
10000018,Lighting - 60 Watt,60,0.33,false,0.0
10000018,VCR,45,0.05,false,0.0
10000018,Iron,1100,0.01,false,0.0
10000018,Television - 43 inch,200,0.167,false,0.0
10000018,Telephone - Cordless,5,1.0,false,0.0
10000018,Refrigerator - 17 cu. ft - Frostfree,463,1.0,true,0.25
10000018,Telephone - Cordless,5,1.0,false,0.0
10000018,Clothes Washer,1200,0.025,true,0.25
10000018,Refrigerator - 14 cu. ft.,226,1.0,true,0.25
10000019,Lawn Equipment - Weed Eater,500,0.01,false,0.0
10000019,Lighting - 5 rooms (10 60W),600,0.167,false,0.0
10000019,VCR,45,0.05,false,0.0
10000019,Exercise Equipment - Treadmill 2 H.P.,2000,0.025,false,0.0
10000019,Oven,5000,0.01,false,0.0
10000019,Microwave Oven,1500,0.01,false,0.0
10000019,Stereo,75,0.25,false,0.0
10000019,Refrigerator - 17 cu. ft - Frostfree,463,1.0,true,0.25
10000019,Refrigerator - 17 cu. ft - Frostfree,463,1.0,true,0.25
10000019,Lighting - 40 Watt,40,0.33,false,0.0
10000019,Television - 13 inch,60,0.167,false,0.0
10000019,Iron,1100,0.01,false,0.0
10000019,Dishwasher (Without Dry Cycle),200,0.025,true,0.25
10000019,Lighting - Comp Fluorescent - 23 Watt,23,0.33,false,0.0
10000019,Bug Killer,40,0.5,false,0.0
10000019,Bug Killer,40,0.5,false,0.0
10000020,Dishwasher (With Dry Cycle),1000,0.025,true,0.25
10000020,Fan (Window),200,0.25,false,0.0
10000020,Refrigerator - 21 cu.ft. - Frostfree,572,1.0,true,0.25
10000020,Lighting - Comp Fluorescent - 23 Watt,23,0.33,false,0.0
10000020,Dishwasher (With Dry Cycle),1000,0.025,true,0.25
10000020,VCR,45,0.05,false,0.0
10000020,Electric Frying Pan,1500,0.01,false,0.0
10000020,Fax Machine,10,1.0,false,0.0
10000020,DVD,60,0.167,false,0.0
10000020,Video Game,200,0.167,false,0.0
10000020,Lawn Mower,3000,0.01,false,0.0
10000020,Ceiling Fan with 3 - 60 Watt Bulbs,230,0.25,false,0.0
10000020,Exercise Equipment - Treadmill 2 H.P.,2000,0.025,false,0.0
10000020,Refrigerator - Freezer 24 cu. ft. - Frostfree,653,1.0,true,0.25
10000020,Television - 27 inch,125,0.167,false,0.0
10000020,Lawn Mower,3000,0.01,false,0.0
10000020,Lighting - Comp Fluorescent - 18 Watt,18,0.33,false,0.0
10000020,Computer Printer (Printing),600,0.01,false,0.0
10000021,Fish Tank (10 Gallon),80,1.0,false,0.0
10000021,Television - 27 inch,125,0.167,false,0.0
10000021,Iron,1100,0.01,false,0.0
10000021,Refrigerator - Freezer 24 cu. ft. - Frostfree,653,1.0,true,0.25
10000021,Television - 27 inch,125,0.167,false,0.0
10000021,Laptop,75,0.25,true,0.5
10000021,Fish Tank (10 Gallon),80,1.0,false,0.0
10000021,Fan (Window),200,0.25,false,0.0
10000021,Computer with Monitor,270,0.5,true,0.5
10000021,Lighting - Comp Fluorescent - 23 Watt,23,0.33,false,0.0
10000021,Toaster,1000,0.01,false,0.0
10000021,Fax Machine,10,1.0,false,0.0
10000021,Lighting - 5 rooms (10 60W),600,0.167,false,0.0
10000021,Answering Machine,10,1.0,false,0.0
10000021,Lighting - 10 rooms (15 60W),900,0.167,false,0.0
10000021,Coffee Maker,900,0.01,false,0.0
10000021,Computer with Monitor,270,0.5,true,0.5
10000021,Compactor (Trash),400,0.01,false,0.0
10000022,Lighting - 100 Watt,100,0.33,false,0.0
10000022,Refrigerator - 19 cu. ft. - Frostfree,509,1.0,true,0.25
10000022,Lighting - Comp Fluorescent - 18 Watt,18,0.33,false,0.0
10000022,Freezer - Upright/Chest 17 cu.ft. - Frostfree,600,1.0,true,0.25
10000022,Refrigerator - 14 cu. ft.,226,1.0,true,0.25
10000022,Electric Frying Pan,1500,0.01,false,0.0
10000022,Television - 32 inch,130,0.167,false,0.0
10000022,Vacuum - Regular,1440,0.01,false,0.0
10000022,Telephone - Cordless,5,1.0,false,0.0
10000022,Refrigerator - Freezer 24 cu. ft. - Frostfree,653,1.0,true,0.25
10000022,Television - 36 inch,133,0.167,false,0.0
10000022,Telephone - Cordless,5,1.0,false,0.0
10000022,Fan,200,0.1,false,0.0
10000022,Electric Frying Pan,1500,0.01,false,0.0
10000022,Fan,200,0.1,false,0.0
10000022,Exercise Equipment - Treadmill 3 H.P.,3000,0.025,false,0.0
10000022,Television - 43 inch,200,0.167,false,0.0
10000022,Lighting - 7 rooms (12 60W),720,0.167,false,0.0
10000023,Computer Printer (Printing),600,0.01,false,0.0
10000023,Lawn Equipment - Hedge Trimmer,450,0.01,false,0.0
10000023,Refrigerator - 17 cu. ft - Frostfree,463,1.0,true,0.25
10000023,Exercise Equipment - Treadmill 3 H.P.,3000,0.025,false,0.0
10000023,Clothes Dryer - Electric,5000,0.05,true,0.25
10000023,Range - Large Surface Unit,2400,0.01,false,0.0
10000023,Toaster Oven,1500,0.05,false,0.0
10000023,Range - Small Surface Unit,1200,0.01,false,0.0
10000023,Lighting - 75 Watt,75,0.33,false,0.0
10000023,Air Conditioner - 7000 BTU,750,0.25,true,0.5
10000023,Television - 19 inch,100,0.167,false,0.0
10000023,Ceiling Fan w/o light,50,0.25,false,0.0
10000023,Refrigerator - 19 cu. ft. - Frostfree,509,1.0,true,0.25
10000023,Dishwasher (With Dry Cycle),1000,0.025,true,0.25
10000023,Lighting - 40 Watt,40,0.33,false,0.0
10000024,Lighting - Halogen,90,0.33,false,0.0
10000024,Computer with Monitor,270,0.5,true,0.5
10000024,Television - 36 inch,133,0.167,false,0.0
10000024,VCR,45,0.05,false,0.0
10000024,Stereo,75,0.25,false,0.0
10000024,Clothes Dryer - Electric,5000,0.05,true,0.25
10000024,Television - 13 inch,60,0.167,false,0.0
10000024,Fish Tank (50 Gallon),230,1.0,false,0.0
10000024,Dishwasher (Without Dry Cycle),200,0.025,true,0.25
10000024,Video Game,200,0.167,false,0.0
10000024,Television - 36 inch,133,0.167,false,0.0
10000024,Television Plasma 42' - 50',375,0.167,false,0.0
10000024,Air Purifier,120,1.0,true,0.5
10000024,Freezer - Upright/Chest 17 cu.ft. - Frostfree,600,1.0,true,0.25
10000024,Television - 13 inch,60,0.167,false,0.0
10000024,DVD,60,0.167,false,0.0
10000024,Refrigerator - 14 cu. ft.,226,1.0,true,0.25
10000024,Microwave Oven,1500,0.01,false,0.0
10000024,Television - 19 inch,100,0.167,false,0.0
10000024,Air Conditioner - 10000 BTU,1000,0.25,true,0.5
10000025,Lighting - 40 Watt,40,0.33,false,0.0
10000025,Fish Tank (50 Gallon),230,1.0,false,0.0
10000025,Answering Machine,10,1.0,false,0.0
10000025,Lawn Mower,3000,0.01,false,0.0
10000025,Refrigerator - Freezer 24 cu. ft. - Frostfree,653,1.0,true,0.25
10000025,Clock - Electric,3,1.0,false,0.0
10000025,Answering Machine,10,1.0,false,0.0
10000025,Oven,5000,0.01,false,0.0
10000025,Iron,1100,0.01,false,0.0
10000025,Video Game,200,0.167,false,0.0
10000025,Video Game,200,0.167,false,0.0
10000025,Lighting - Comp Fluorescent - 18 Watt,18,0.33,false,0.0
10000025,Toaster,1000,0.01,false,0.0
10000025,Refrigerator - 17 cu. ft - Frostfree,463,1.0,true,0.25
10000025,Answering Machine,10,1.0,false,0.0
10000025,Range - Large Surface Unit,2400,0.01,false,0.0
10000026,Lighting - Comp Fluorescent - 18 Watt,18,0.33,false,0.0
10000026,Television - 55 inch,220,0.167,false,0.0
10000026,Lighting - Chandelier 5 - 40 Watt Bulbs,200,0.33,false,0.0
10000026,Range - Small Surface Unit,1200,0.01,false,0.0
10000026,Clothes Washer,1200,0.025,true,0.25
10000026,Refrigerator - 19 cu. ft. - Frostfree,509,1.0,true,0.25
10000026,Toaster,1000,0.01,false,0.0
10000026,Freezer - Upright/Chest 17 cu. ft,600,1.0,true,0.25
10000026,Fan (Window),200,0.25,false,0.0
10000026,Iron,1100,0.01,false,0.0
10000026,Lighting - Halogen,90,0.33,false,0.0
10000026,Lighting - 7 rooms (12 60W),720,0.167,false,0.0
10000026,Television Plasma 42' - 50',375,0.167,false,0.0
10000026,Compactor (Trash),400,0.01,false,0.0
10000026,Refrigerator - 19 cu. ft. - Frostfree,509,1.0,true,0.25
10000027,Lighting - 5 rooms (10 60W),600,0.167,false,0.0
10000027,Television - 25 inch,123,0.167,false,0.0
10000027,Lighting - 75 Watt,75,0.33,false,0.0
10000027,Coffee Maker,900,0.01,false,0.0
10000027,Fish Tank (50 Gallon),230,1.0,false,0.0
10000027,Stereo,75,0.25,false,0.0
10000027,Refrigerator - 19 cu. ft. - Frostfree,509,1.0,true,0.25
10000027,Refrigerator - 1.7 cu. ft.,126,1.0,true,0.25
10000027,Toaster,1000,0.01,false,0.0
10000027,Iron,1100,0.01,false,0.0
10000027,Refrigerator - Freezer 24 cu. ft. - Frostfree,653,1.0,true,0.25
10000027,Lighting - Comp Fluorescent - 18 Watt,18,0.33,false,0.0
10000027,Refrigerator - Freezer 25 cu. ft. - Side by Side,841,1.0,true,0.25
10000027,Freezer - Upright/Chest 17 cu.ft. - Frostfree,600,1.0,true,0.25
10000027,Lighting - 60 Watt,60,0.33,false,0.0
10000027,Refrigerator - 14 cu. ft. - Frostfree,383,1.0,true,0.25
10000027,Compactor (Trash),400,0.01,false,0.0
10000027,Lighting - Fluorescent 2 bulb,100,0.33,false,0.0
10000027,Television - 43 inch,200,0.167,false,0.0
10000028,Lighting - Fluorescent 2 bulb,100,0.33,false,0.0
10000028,Computer with Monitor,270,0.5,true,0.5
10000028,Air Purifier,120,1.0,true,0.5
10000028,Television - 55 inch,220,0.167,false,0.0
10000028,Microwave Oven,1500,0.01,false,0.0
10000028,Bug Killer,40,0.5,false,0.0
10000028,Fish Tank (10 Gallon),80,1.0,false,0.0
10000028,Refrigerator - 14 cu. ft. - Frostfree,383,1.0,true,0.25
10000028,Range - Small Surface Unit,1200,0.01,false,0.0
10000028,Ceiling Fan w/o light,50,0.25,false,0.0
10000028,Toaster Oven,1500,0.05,false,0.0
10000028,Video Game,200,0.167,false,0.0
10000028,Clothes Washer,1200,0.025,true,0.25
10000028,Microwave Oven,1500,0.01,false,0.0
10000028,Lighting - Comp Fluorescent - 23 Watt,23,0.33,false,0.0
10000028,Clothes Dryer - Electric,5000,0.05,true,0.25
10000029,Television/DVD/VCR Combination,120,0.167,false,0.0
10000029,Television Plasma 42' - 50',375,0.167,false,0.0
10000029,Air Conditioner - 5000 BTU,500,0.25,true,0.5
10000029,Lighting - Comp Fluorescent - 23 Watt,23,0.33,false,0.0
10000029,Compactor (Trash),400,0.01,false,0.0
10000029,Air Conditioner - 5000 BTU,500,0.25,true,0.5
10000029,Air Conditioner - 5000 BTU,500,0.25,true,0.5
10000029,Air Conditioner - 7000 BTU,750,0.25,true,0.5
10000029,Refrigerator - 17 cu. ft - Frostfree,463,1.0,true,0.25
10000029,Lighting - 75 Watt,75,0.33,false,0.0
10000029,Television/DVD/VCR Combination,120,0.167,false,0.0
10000029,VCR,45,0.05,false,0.0
10000029,Television/DVD/VCR Combination,120,0.167,false,0.0
10000029,Television Plasma 42' - 50',375,0.167,false,0.0
10000029,Television - 25 inch,123,0.167,false,0.0
10000030,Refrigerator - 1.7 cu. ft.,126,1.0,true,0.25
10000030,Refrigerator - Freezer 21 cu. ft.- Side by Side,783,1.0,true,0.25
10000030,Computer Printer (Printing),600,0.01,false,0.0
10000030,Computer with Monitor,270,0.5,true,0.5
10000030,Range - Small Surface Unit,1200,0.01,false,0.0
10000030,DVD,60,0.167,false,0.0
10000030,Television - 32 inch,130,0.167,false,0.0
10000030,Air Conditioner - 5000 BTU,500,0.25,true,0.5
10000030,Lighting - Comp Fluorescent - 23 Watt,23,0.33,false,0.0
10000030,Lighting - Fluorescent 2 bulb,100,0.33,false,0.0
10000030,Air Purifier,120,1.0,true,0.5
10000030,Freezer - Upright/Chest 17 cu.ft. - Frostfree,600,1.0,true,0.25
10000030,DVD,60,0.167,false,0.0
10000030,Television - 32 inch,130,0.167,false,0.0
10000030,Exercise Equipment - Treadmill 2 H.P.,2000,0.025,false,0.0
10000030,Fish Tank (10 Gallon),80,1.0,false,0.0
10000030,Toaster,1000,0.01,false,0.0
10000030,Air Conditioner - 10000 BTU,1000,0.25,true,0.5
10000031,Air Purifier,120,1.0,true,0.5
10000031,Toaster Oven,1500,0.05,false,0.0
10000031,Refrigerator - 1.7 cu. ft.,126,1.0,true,0.25
10000031,Television - 19 inch,100,0.167,false,0.0
10000031,Fan (Attic),500,0.1,true,0.25
10000031,Lighting - 10 rooms (15 60W),900,0.167,false,0.0
10000031,Television - 43 inch,200,0.167,false,0.0
10000031,Refrigerator - Freezer 24 cu. ft. - Frostfree,653,1.0,true,0.25
10000031,Television - 32 inch,130,0.167,false,0.0
10000031,Oven,5000,0.01,false,0.0
10000031,Refrigerator - Freezer 25 cu. ft. - Side by Side,841,1.0,true,0.25
10000031,Dishwasher (Without Dry Cycle),200,0.025,true,0.25
10000031,Lawn Equipment - Hedge Trimmer,450,0.01,false,0.0
10000031,Fish Tank (10 Gallon),80,1.0,false,0.0
10000031,Lawn Equipment - Weed Eater,500,0.01,false,0.0
10000031,Toaster,1000,0.01,false,0.0
10000031,Iron,1100,0.01,false,0.0
10000031,Coffee Maker,900,0.01,false,0.0
10000031,Fan,200,0.1,false,0.0
10000032,Air Conditioner - 5000 BTU,500,0.25,true,0.5
10000032,Hair Dryer (Hand Held),1500,0.01,true,0.25
10000032,Television - 32 inch,130,0.167,false,0.0
10000032,Telephone - Cordless,5,1.0,false,0.0
10000032,Lighting - Comp Fluorescent - 18 Watt,18,0.33,false,0.0
10000032,Television - 55 inch,220,0.167,false,0.0
10000032,Slow Cooker,200,0.05,false,0.0
10000032,Refrigerator - 14 cu. ft. - Frostfree,383,1.0,true,0.25
10000032,Refrigerator - Freezer 24 cu. ft. - Frostfree,653,1.0,true,0.25
10000032,Stereo,75,0.25,false,0.0
10000032,Television - 19 inch,100,0.167,false,0.0
10000032,Dishwasher (Without Dry Cycle),200,0.025,true,0.25
10000032,Dishwasher (Without Dry Cycle),200,0.025,true,0.25
10000032,Lighting - Comp Fluorescent - 18 Watt,18,0.33,false,0.0
10000032,Lighting - Comp Fluorescent - 18 Watt,18,0.33,false,0.0
10000032,Bug Killer,40,0.5,false,0.0
10000032,Clock - Electric,3,1.0,false,0.0
10000032,Refrigerator - Freezer 24 cu. ft. - Frostfree,653,1.0,true,0.25
10000032,Television Plasma 42' - 50',375,0.167,false,0.0
10000033,Lighting - 5 rooms (10 60W),600,0.167,false,0.0
10000033,Fan (Window),200,0.25,false,0.0
10000033,Television - 60 inch,240,0.167,false,0.0
10000033,Clothes Dryer - Electric,5000,0.05,true,0.25
10000033,Lighting - 40 Watt,40,0.33,false,0.0
10000033,Toaster,1000,0.01,false,0.0
10000033,Lighting - Comp Fluorescent - 23 Watt,23,0.33,false,0.0
10000033,Freezer - Upright/Chest 17 cu. ft,600,1.0,true,0.25
10000033,Refrigerator - Freezer 21 cu. ft.- Side by Side,783,1.0,true,0.25
10000033,Lighting - Chandelier 5 - 40 Watt Bulbs,200,0.33,false,0.0
10000033,Television/DVD/VCR Combination,120,0.167,false,0.0
10000033,Television - 19 inch,100,0.167,false,0.0
10000033,Electric Frying Pan,1500,0.01,false,0.0
10000033,Ceiling Fan with 3 - 60 Watt Bulbs,230,0.25,false,0.0
10000033,Oven,5000,0.01,false,0.0
10000033,Coffee Maker,900,0.01,false,0.0
10000033,Lighting - 75 Watt,75,0.33,false,0.0
10000034,Hair Dryer (Hand Held),1500,0.01,true,0.25
10000034,Lighting - 40 Watt,40,0.33,false,0.0
10000034,Clothes Washer,1200,0.025,true,0.25
10000034,Clothes Dryer - Electric,5000,0.05,true,0.25
10000034,Television/DVD/VCR Combination,120,0.167,false,0.0
10000034,Refrigerator - Freezer 21 cu. ft.- Side by Side,783,1.0,true,0.25
10000034,Lighting - 10 rooms (15 60W),900,0.167,false,0.0
10000034,Refrigerator - 21 cu.ft. - Frostfree,572,1.0,true,0.25
10000034,Refrigerator - Freezer 25 cu. ft. - Side by Side,841,1.0,true,0.25
10000034,Compactor (Trash),400,0.01,false,0.0
10000034,Fax Machine,10,1.0,false,0.0
10000034,Television Plasma 42' - 50',375,0.167,false,0.0
10000034,Refrigerator - 21 cu.ft. - Frostfree,572,1.0,true,0.25
10000034,Fish Tank (50 Gallon),230,1.0,false,0.0
10000034,Freezer - Upright/Chest 17 cu. ft,600,1.0,true,0.25
10000034,Refrigerator - 21 cu.ft. - Frostfree,572,1.0,true,0.25
10000034,Refrigerator - Freezer 21 cu. ft.- Side by Side,783,1.0,true,0.25
10000034,Dishwasher (Without Dry Cycle),200,0.025,true,0.25
10000034,Ceiling Fan w/o light,50,0.25,false,0.0
10000035,Television - 32 inch,130,0.167,false,0.0
10000035,Stereo,75,0.25,false,0.0
10000035,Lighting - 60 Watt,60,0.33,false,0.0
10000035,Coffee Maker,900,0.01,false,0.0
10000035,Fan (Attic),500,0.1,true,0.25
10000035,Lighting - 60 Watt,60,0.33,false,0.0
10000035,Television - 19 inch,100,0.167,false,0.0
10000035,Exercise Equipment - Treadmill 2 H.P.,2000,0.025,false,0.0
10000035,Electric Frying Pan,1500,0.01,false,0.0
10000035,Lighting - 100 Watt,100,0.33,false,0.0
10000035,Television - 27 inch,125,0.167,false,0.0
10000035,Lighting - 60 Watt,60,0.33,false,0.0
10000035,Laptop,75,0.25,true,0.5
10000035,Toaster,1000,0.01,false,0.0
10000035,Fan (Attic),500,0.1,true,0.25
10000035,Television - 25 inch,123,0.167,false,0.0
10000035,Lighting - 75 Watt,75,0.33,false,0.0
10000035,Refrigerator - Freezer 21 cu. ft.- Side by Side,783,1.0,true,0.25
10000036,Dishwasher (Without Dry Cycle),200,0.025,true,0.25
10000036,Electric Frying Pan,1500,0.01,false,0.0
10000036,Iron,1100,0.01,false,0.0
10000036,Lighting - 10 rooms (15 60W),900,0.167,false,0.0
10000036,Exercise Equipment - Treadmill 3 H.P.,3000,0.025,false,0.0
10000036,Lighting - 7 rooms (12 60W),720,0.167,false,0.0
10000036,Television/DVD/VCR Combination,120,0.167,false,0.0
10000036,Lighting - 60 Watt,60,0.33,false,0.0
10000036,Clothes Washer,1200,0.025,true,0.25
10000036,Television - 55 inch,220,0.167,false,0.0
10000036,Clothes Washer,1200,0.025,true,0.25
10000036,Lighting - 7 rooms (12 60W),720,0.167,false,0.0
10000036,Lighting - 3 rooms (8 60W),480,0.167,false,0.0
10000036,Refrigerator - 1.7 cu. ft.,126,1.0,true,0.25
10000036,Dishwasher (With Dry Cycle),1000,0.025,true,0.25
10000036,Lighting - 75 Watt,75,0.33,false,0.0
10000036,Fan (Attic),500,0.1,true,0.25
10000036,Lawn Equipment - Hedge Trimmer,450,0.01,false,0.0
10000036,Lighting - Chandelier 5 - 40 Watt Bulbs,200,0.33,false,0.0
10000036,Refrigerator - 14 cu. ft. - Frostfree,383,1.0,true,0.25
10000037,Television/DVD/VCR Combination,120,0.167,false,0.0
10000037,Vacuum - Regular,1440,0.01,false,0.0
10000037,Laptop,75,0.25,true,0.5
10000037,Microwave Oven,1500,0.01,false,0.0
10000037,Lawn Equipment - Weed Eater,500,0.01,false,0.0
10000037,Iron,1100,0.01,false,0.0
10000037,Television - 60 inch,240,0.167,false,0.0
10000037,Lighting - 75 Watt,75,0.33,false,0.0
10000037,Laptop,75,0.25,true,0.5
10000037,Television - 13 inch,60,0.167,false,0.0
10000037,Refrigerator - Freezer 25 cu. ft. - Side by Side,841,1.0,true,0.25
10000037,Clothes Washer,1200,0.025,true,0.25
10000037,Television - 27 inch,125,0.167,false,0.0
10000037,Air Purifier,120,1.0,true,0.5
10000037,Refrigerator - 14 cu. ft. - Frostfree,383,1.0,true,0.25
10000037,Television Plasma 42' - 50',375,0.167,false,0.0
10000037,Television - 43 inch,200,0.167,false,0.0
10000037,Slow Cooker,200,0.05,false,0.0
10000038,Television 42' - 50' Projection,24,0.167,false,0.0
10000038,Exercise Equipment - Treadmill 2 H.P.,2000,0.025,false,0.0
10000038,Television - 19 inch,100,0.167,false,0.0
10000038,Slow Cooker,200,0.05,false,0.0
10000038,Lighting - Halogen,90,0.33,false,0.0
10000038,Television - 25 inch,123,0.167,false,0.0
10000038,Oven,5000,0.01,false,0.0
10000038,Electric Frying Pan,1500,0.01,false,0.0
10000038,DVD,60,0.167,false,0.0
10000038,Air Conditioner - 10000 BTU,1000,0.25,true,0.5
10000038,Microwave Oven,1500,0.01,false,0.0
10000038,Air Conditioner - 10000 BTU,1000,0.25,true,0.5
10000038,Television - 19 inch,100,0.167,false,0.0
10000038,Fax Machine,10,1.0,false,0.0
10000038,Refrigerator - 14 cu. ft. - Frostfree,383,1.0,true,0.25
10000038,Laptop,75,0.25,true,0.5
10000038,Fax Machine,10,1.0,false,0.0
10000038,Freezer - Upright/Chest 17 cu. ft,600,1.0,true,0.25
10000038,Air Conditioner - 5000 BTU,500,0.25,true,0.5
10000038,Toaster,1000,0.01,false,0.0
10000039,Hair Dryer (Hand Held),1500,0.01,true,0.25
10000039,Stereo,75,0.25,false,0.0
10000039,Exercise Equipment - Treadmill 2 H.P.,2000,0.025,false,0.0
10000039,Lighting - 7 rooms (12 60W),720,0.167,false,0.0
10000039,Oven,5000,0.01,false,0.0
10000039,Refrigerator - 21 cu.ft. - Frostfree,572,1.0,true,0.25
10000039,Television - 32 inch,130,0.167,false,0.0
10000039,Dishwasher (With Dry Cycle),1000,0.025,true,0.25
10000039,Range - Large Surface Unit,2400,0.01,false,0.0
10000039,Toaster Oven,1500,0.05,false,0.0
10000039,Ceiling Fan w/o light,50,0.25,false,0.0
10000039,Iron,1100,0.01,false,0.0
10000039,Television - 55 inch,220,0.167,false,0.0
10000039,Ceiling Fan with 3 - 60 Watt Bulbs,230,0.25,false,0.0
10000039,Laptop,75,0.25,true,0.5
10000039,Toaster Oven,1500,0.05,false,0.0
10000039,Lighting - Halogen,90,0.33,false,0.0
10000039,Telephone - Cordless,5,1.0,false,0.0
10000040,Lawn Equipment - Hedge Trimmer,450,0.01,false,0.0
10000040,Fish Tank (50 Gallon),230,1.0,false,0.0
10000040,DVD,60,0.167,false,0.0
10000040,Television Plasma 42' - 50',375,0.167,false,0.0
10000040,Compactor (Trash),400,0.01,false,0.0
10000040,Ceiling Fan w/o light,50,0.25,false,0.0
10000040,Fax Machine,10,1.0,false,0.0
10000040,Freezer - Upright/Chest 17 cu.ft. - Frostfree,600,1.0,true,0.25
10000040,Fax Machine,10,1.0,false,0.0
10000040,Air Conditioner - 10000 BTU,1000,0.25,true,0.5
10000040,Exercise Equipment - Treadmill 2 H.P.,2000,0.025,false,0.0
10000040,Coffee Maker,900,0.01,false,0.0
10000040,Bug Killer,40,0.5,false,0.0
10000040,Television 42' - 50' Projection,24,0.167,false,0.0
10000040,Bug Killer,40,0.5,false,0.0
10000040,Exercise Equipment - Treadmill 2 H.P.,2000,0.025,false,0.0
10000040,Air Purifier,120,1.0,true,0.5
10000040,Exercise Equipment - Treadmill 2 H.P.,2000,0.025,false,0.0
10000040,Refrigerator - 14 cu. ft.,226,1.0,true,0.25
10000040,Television - 32 inch,130,0.167,false,0.0
10000041,Lawn Mower,3000,0.01,false,0.0
10000041,Television/DVD/VCR Combination,120,0.167,false,0.0
10000041,Lawn Equipment - Weed Eater,500,0.01,false,0.0
10000041,VCR,45,0.05,false,0.0
10000041,Lawn Mower,3000,0.01,false,0.0
10000041,Lighting - 60 Watt,60,0.33,false,0.0
10000041,Refrigerator - 21 cu.ft. - Frostfree,572,1.0,true,0.25
10000041,Lighting - 5 rooms (10 60W),600,0.167,false,0.0
10000041,Television - 25 inch,123,0.167,false,0.0
10000041,Dishwasher (With Dry Cycle),1000,0.025,true,0.25
10000041,Hair Dryer (Hand Held),1500,0.01,true,0.25
10000041,Television - 25 inch,123,0.167,false,0.0
10000041,DVD,60,0.167,false,0.0
10000041,Television Plasma 42' - 50',375,0.167,false,0.0
10000041,Lawn Mower,3000,0.01,false,0.0
10000041,Refrigerator - Freezer 25 cu. ft. - Side by Side,841,1.0,true,0.25
10000041,Electric Frying Pan,1500,0.01,false,0.0
10000041,Range - Large Surface Unit,2400,0.01,false,0.0
10000041,Lighting - Comp Fluorescent - 18 Watt,18,0.33,false,0.0
10000041,Iron,1100,0.01,false,0.0
10000042,Air Conditioner - 10000 BTU,1000,0.25,true,0.5
10000042,Refrigerator - Freezer 25 cu. ft. - Side by Side,841,1.0,true,0.25
10000042,Lighting - 7 rooms (12 60W),720,0.167,false,0.0
10000042,Television/DVD/VCR Combination,120,0.167,false,0.0
10000042,Fish Tank (10 Gallon),80,1.0,false,0.0
10000042,Lighting - Fluorescent 2 bulb,100,0.33,false,0.0
10000042,DVD,60,0.167,false,0.0
10000042,Television - 36 inch,133,0.167,false,0.0
10000042,Refrigerator - Freezer 25 cu. ft. - Side by Side,841,1.0,true,0.25
10000042,Coffee Maker,900,0.01,false,0.0
10000042,Hair Dryer (Hand Held),1500,0.01,true,0.25
10000042,Freezer - Upright/Chest 17 cu.ft. - Frostfree,600,1.0,true,0.25
10000042,Exercise Equipment - Treadmill 2 H.P.,2000,0.025,false,0.0
10000042,Lighting - Halogen,90,0.33,false,0.0
10000042,Range - Small Surface Unit,1200,0.01,false,0.0
10000042,Refrigerator - 1.7 cu. ft.,126,1.0,true,0.25
10000043,Computer Printer (Printing),600,0.01,false,0.0
10000043,Air Conditioner - 5000 BTU,500,0.25,true,0.5
10000043,Lighting - 60 Watt,60,0.33,false,0.0
10000043,Fish Tank (10 Gallon),80,1.0,false,0.0
10000043,Lighting - Halogen,90,0.33,false,0.0
10000043,Stereo,75,0.25,false,0.0
10000043,Lighting - Comp Fluorescent - 18 Watt,18,0.33,false,0.0
10000043,Lighting - Halogen,90,0.33,false,0.0
10000043,Refrigerator - 14 cu. ft.,226,1.0,true,0.25
10000043,Television - 19 inch,100,0.167,false,0.0
10000043,Compactor (Trash),400,0.01,false,0.0
10000043,Answering Machine,10,1.0,false,0.0
10000043,Lighting - Comp Fluorescent - 23 Watt,23,0.33,false,0.0
10000043,Lighting - 40 Watt,40,0.33,false,0.0
10000043,Television/DVD/VCR Combination,120,0.167,false,0.0
10000043,Lighting - Comp Fluorescent - 23 Watt,23,0.33,false,0.0
10000043,Lighting - 75 Watt,75,0.33,false,0.0
10000044,Television - 60 inch,240,0.167,false,0.0
10000044,Computer with Monitor,270,0.5,true,0.5
10000044,Lighting - 40 Watt,40,0.33,false,0.0
10000044,Lighting - Comp Fluorescent - 23 Watt,23,0.33,false,0.0
10000044,Video Game,200,0.167,false,0.0
10000044,Fax Machine,10,1.0,false,0.0
10000044,Range - Large Surface Unit,2400,0.01,false,0.0
10000044,Television - 32 inch,130,0.167,false,0.0
10000044,Television - 25 inch,123,0.167,false,0.0
10000044,Television - 13 inch,60,0.167,false,0.0
10000044,Oven,5000,0.01,false,0.0
10000044,Freezer - Upright/Chest 17 cu.ft. - Frostfree,600,1.0,true,0.25
10000044,Electric Frying Pan,1500,0.01,false,0.0
10000044,Ceiling Fan w/o light,50,0.25,false,0.0
10000044,Toaster Oven,1500,0.05,false,0.0
10000044,Microwave Oven,1500,0.01,false,0.0
10000045,Answering Machine,10,1.0,false,0.0
10000045,Television Plasma 42' - 50',375,0.167,false,0.0
10000045,Refrigerator - 17 cu. ft - Frostfree,463,1.0,true,0.25
10000045,Television - 36 inch,133,0.167,false,0.0
10000045,Clothes Dryer - Electric,5000,0.05,true,0.25
10000045,Fish Tank (50 Gallon),230,1.0,false,0.0
10000045,Fan (Attic),500,0.1,true,0.25
10000045,Fish Tank (50 Gallon),230,1.0,false,0.0
10000045,Hair Dryer (Hand Held),1500,0.01,true,0.25
10000045,Computer with Monitor,270,0.5,true,0.5
10000045,Television - 60 inch,240,0.167,false,0.0
10000045,Lighting - Halogen,90,0.33,false,0.0
10000045,Lawn Equipment - Hedge Trimmer,450,0.01,false,0.0
10000045,Clothes Dryer - Electric,5000,0.05,true,0.25
10000045,Exercise Equipment - Treadmill 3 H.P.,3000,0.025,false,0.0
10000045,Dishwasher (Without Dry Cycle),200,0.025,true,0.25
10000045,Lighting - 60 Watt,60,0.33,false,0.0
10000046,Exercise Equipment - Treadmill 3 H.P.,3000,0.025,false,0.0
10000046,Television 42' - 50' Projection,24,0.167,false,0.0
10000046,Lighting - 60 Watt,60,0.33,false,0.0
10000046,Refrigerator - Freezer 24 cu. ft. - Frostfree,653,1.0,true,0.25
10000046,Fax Machine,10,1.0,false,0.0
10000046,Refrigerator - Freezer 24 cu. ft. - Frostfree,653,1.0,true,0.25
10000046,Fan,200,0.1,false,0.0
10000046,Fish Tank (50 Gallon),230,1.0,false,0.0
10000046,Ceiling Fan with 3 - 60 Watt Bulbs,230,0.25,false,0.0
10000046,Television - 43 inch,200,0.167,false,0.0
10000046,Slow Cooker,200,0.05,false,0.0
10000046,Vacuum - Regular,1440,0.01,false,0.0
10000046,VCR,45,0.05,false,0.0
10000046,Exercise Equipment - Treadmill 3 H.P.,3000,0.025,false,0.0
10000046,Lighting - 7 rooms (12 60W),720,0.167,false,0.0
10000046,Fan (Attic),500,0.1,true,0.25
10000047,DVD,60,0.167,false,0.0
10000047,Fan (Window),200,0.25,false,0.0
10000047,Lawn Equipment - Hedge Trimmer,450,0.01,false,0.0
10000047,Range - Large Surface Unit,2400,0.01,false,0.0
10000047,VCR,45,0.05,false,0.0
10000047,Telephone - Cordless,5,1.0,false,0.0
10000047,Lighting - 5 rooms (10 60W),600,0.167,false,0.0
10000047,Television - 19 inch,100,0.167,false,0.0
10000047,Television/DVD/VCR Combination,120,0.167,false,0.0
10000047,Lawn Mower,3000,0.01,false,0.0
10000047,Lighting - 100 Watt,100,0.33,false,0.0
10000047,Stereo,75,0.25,false,0.0
10000047,Refrigerator - Freezer 25 cu. ft. - Side by Side,841,1.0,true,0.25
10000047,Refrigerator - 1.7 cu. ft.,126,1.0,true,0.25
10000047,Television/DVD/VCR Combination,120,0.167,false,0.0
10000047,Television Plasma 42' - 50',375,0.167,false,0.0
10000047,VCR,45,0.05,false,0.0
10000048,Refrigerator - Freezer 24 cu. ft. - Frostfree,653,1.0,true,0.25
10000048,Lighting - Halogen,90,0.33,false,0.0
10000048,Vacuum - Regular,1440,0.01,false,0.0
10000048,Refrigerator - Freezer 25 cu. ft. - Side by Side,841,1.0,true,0.25
10000048,Dishwasher (With Dry Cycle),1000,0.025,true,0.25
10000048,Toaster,1000,0.01,false,0.0
10000048,Lighting - Halogen,90,0.33,false,0.0
10000048,Air Conditioner - 10000 BTU,1000,0.25,true,0.5
10000048,Television 42' - 50' Projection,24,0.167,false,0.0
10000048,Lighting - 100 Watt,100,0.33,false,0.0
10000048,Lighting - Fluorescent 2 bulb,100,0.33,false,0.0
10000048,Vacuum - Regular,1440,0.01,false,0.0
10000048,Refrigerator - Freezer 25 cu. ft. - Side by Side,841,1.0,true,0.25
10000048,Range - Small Surface Unit,1200,0.01,false,0.0
10000048,Fish Tank (10 Gallon),80,1.0,false,0.0
10000048,Television/DVD/VCR Combination,120,0.167,false,0.0
10000048,Clock - Electric,3,1.0,false,0.0
10000048,Air Conditioner - 10000 BTU,1000,0.25,true,0.5
10000048,Electric Frying Pan,1500,0.01,false,0.0
10000049,Fan (Window),200,0.25,false,0.0
10000049,Air Conditioner - 5000 BTU,500,0.25,true,0.5
10000049,Television Plasma 42' - 50',375,0.167,false,0.0
10000049,Lighting - 100 Watt,100,0.33,false,0.0
10000049,Lighting - Fluorescent 2 bulb,100,0.33,false,0.0
10000049,Electric Frying Pan,1500,0.01,false,0.0
10000049,Stereo,75,0.25,false,0.0
10000049,Clock - Electric,3,1.0,false,0.0
10000049,Clothes Washer,1200,0.025,true,0.25
10000049,Refrigerator - 17 cu. ft - Frostfree,463,1.0,true,0.25
10000049,Microwave Oven,1500,0.01,false,0.0
10000049,Refrigerator - 14 cu. ft.,226,1.0,true,0.25
10000049,Freezer - Upright/Chest 17 cu. ft,600,1.0,true,0.25
10000049,Dishwasher (With Dry Cycle),1000,0.025,true,0.25
10000049,Television 42' - 50' Projection,24,0.167,false,0.0
10000049,Refrigerator - 19 cu. ft. - Frostfree,509,1.0,true,0.25
10000050,Lawn Equipment - Weed Eater,500,0.01,false,0.0
10000050,Fax Machine,10,1.0,false,0.0
10000050,Air Conditioner - 5000 BTU,500,0.25,true,0.5
10000050,Refrigerator - 17 cu. ft - Frostfree,463,1.0,true,0.25
10000050,Telephone - Cordless,5,1.0,false,0.0
10000050,Lighting - Chandelier 5 - 40 Watt Bulbs,200,0.33,false,0.0
10000050,Ceiling Fan with 3 - 60 Watt Bulbs,230,0.25,false,0.0
10000050,Laptop,75,0.25,true,0.5
10000050,Lighting - 60 Watt,60,0.33,false,0.0
10000050,Television/DVD/VCR Combination,120,0.167,false,0.0
10000050,Fan (Attic),500,0.1,true,0.25
10000050,Ceiling Fan w/o light,50,0.25,false,0.0
10000050,Lighting - Chandelier 5 - 40 Watt Bulbs,200,0.33,false,0.0
10000050,Fan (Attic),500,0.1,true,0.25
10000050,Air Conditioner - 10000 BTU,1000,0.25,true,0.5
10000050,Refrigerator - 1.7 cu. ft.,126,1.0,true,0.25
10000051,Television - 36 inch,133,0.167,false,0.0
10000051,Television - 55 inch,220,0.167,false,0.0
10000051,Refrigerator - 17 cu. ft - Frostfree,463,1.0,true,0.25
10000051,Ceiling Fan w/o light,50,0.25,false,0.0
10000051,Video Game,200,0.167,false,0.0
10000051,Freezer - Upright/Chest 17 cu. ft,600,1.0,true,0.25
10000051,Refrigerator - Freezer 21 cu. ft.- Side by Side,783,1.0,true,0.25
10000051,Lighting - 40 Watt,40,0.33,false,0.0
10000051,Bug Killer,40,0.5,false,0.0
10000051,Telephone - Cordless,5,1.0,false,0.0
10000051,Lighting - 7 rooms (12 60W),720,0.167,false,0.0
10000051,Fan,200,0.1,false,0.0
10000051,Lighting - 5 rooms (10 60W),600,0.167,false,0.0
10000051,Bug Killer,40,0.5,false,0.0
10000051,Exercise Equipment - Treadmill 3 H.P.,3000,0.025,false,0.0
10000051,Clothes Dryer - Electric,5000,0.05,true,0.25
10000051,Oven,5000,0.01,false,0.0
10000051,Television - 43 inch,200,0.167,false,0.0
10000051,Ceiling Fan w/o light,50,0.25,false,0.0
10000051,Range - Small Surface Unit,1200,0.01,false,0.0
10000052,Lawn Equipment - Hedge Trimmer,450,0.01,false,0.0
10000052,Exercise Equipment - Treadmill 3 H.P.,3000,0.025,false,0.0
10000052,Microwave Oven,1500,0.01,false,0.0
10000052,Lighting - 40 Watt,40,0.33,false,0.0
10000052,Range - Large Surface Unit,2400,0.01,false,0.0
10000052,Television 42' - 50' Projection,24,0.167,false,0.0
10000052,Television - 60 inch,240,0.167,false,0.0
10000052,Air Conditioner - 10000 BTU,1000,0.25,true,0.5
10000052,Freezer - Upright/Chest 17 cu. ft,600,1.0,true,0.25
10000052,Television - 13 inch,60,0.167,false,0.0
10000052,Television - 27 inch,125,0.167,false,0.0
10000052,Toaster,1000,0.01,false,0.0
10000052,Refrigerator - 1.7 cu. ft.,126,1.0,true,0.25
10000052,Hair Dryer (Hand Held),1500,0.01,true,0.25
10000052,Refrigerator - Freezer 21 cu. ft.- Side by Side,783,1.0,true,0.25
10000052,Television/DVD/VCR Combination,120,0.167,false,0.0
10000052,Television - 60 inch,240,0.167,false,0.0
10000052,Toaster,1000,0.01,false,0.0
10000053,Television - 60 inch,240,0.167,false,0.0
10000053,Ceiling Fan with 3 - 60 Watt Bulbs,230,0.25,false,0.0
10000053,Lighting - Halogen,90,0.33,false,0.0
10000053,Stereo,75,0.25,false,0.0
10000053,Exercise Equipment - Treadmill 2 H.P.,2000,0.025,false,0.0
10000053,Slow Cooker,200,0.05,false,0.0
10000053,Lawn Mower,3000,0.01,false,0.0
10000053,Range - Small Surface Unit,1200,0.01,false,0.0
10000053,Television 42' - 50' Projection,24,0.167,false,0.0
10000053,Compactor (Trash),400,0.01,false,0.0
10000053,Microwave Oven,1500,0.01,false,0.0
10000053,Television/DVD/VCR Combination,120,0.167,false,0.0
10000053,Ceiling Fan w/o light,50,0.25,false,0.0
10000053,Ceiling Fan w/o light,50,0.25,false,0.0
10000053,Refrigerator - 19 cu. ft. - Frostfree,509,1.0,true,0.25
10000053,Coffee Maker,900,0.01,false,0.0
10000053,Television/DVD/VCR Combination,120,0.167,false,0.0
10000053,Electric Frying Pan,1500,0.01,false,0.0
10000054,Electric Frying Pan,1500,0.01,false,0.0
10000054,Stereo,75,0.25,false,0.0
10000054,Refrigerator - 14 cu. ft. - Frostfree,383,1.0,true,0.25
10000054,Exercise Equipment - Treadmill 2 H.P.,2000,0.025,false,0.0
10000054,Hair Dryer (Hand Held),1500,0.01,true,0.25
10000054,Television - 27 inch,125,0.167,false,0.0
10000054,Lawn Mower,3000,0.01,false,0.0
10000054,Clock - Electric,3,1.0,false,0.0
10000054,Range - Large Surface Unit,2400,0.01,false,0.0
10000054,Lighting - 5 rooms (10 60W),600,0.167,false,0.0
10000054,Stereo,75,0.25,false,0.0
10000054,Dishwasher (Without Dry Cycle),200,0.025,true,0.25
10000054,Lighting - Chandelier 5 - 40 Watt Bulbs,200,0.33,false,0.0
10000054,Fan (Window),200,0.25,false,0.0
10000054,Lawn Equipment - Hedge Trimmer,450,0.01,false,0.0
10000054,Lighting - Fluorescent 2 bulb,100,0.33,false,0.0
10000054,VCR,45,0.05,false,0.0
10000054,Television - 19 inch,100,0.167,false,0.0
10000054,Exercise Equipment - Treadmill 3 H.P.,3000,0.025,false,0.0
10000055,Microwave Oven,1500,0.01,false,0.0
10000055,Refrigerator - 17 cu. ft - Frostfree,463,1.0,true,0.25
10000055,Refrigerator - Freezer 24 cu. ft. - Frostfree,653,1.0,true,0.25
10000055,Refrigerator - 17 cu. ft - Frostfree,463,1.0,true,0.25
10000055,Stereo,75,0.25,false,0.0
10000055,DVD,60,0.167,false,0.0
10000055,Television - 36 inch,133,0.167,false,0.0
10000055,Vacuum - Regular,1440,0.01,false,0.0
10000055,Lawn Equipment - Weed Eater,500,0.01,false,0.0
10000055,Toaster Oven,1500,0.05,false,0.0
10000055,Lawn Equipment - Hedge Trimmer,450,0.01,false,0.0
10000055,Freezer - Upright/Chest 17 cu. ft,600,1.0,true,0.25
10000055,Clothes Washer,1200,0.025,true,0.25
10000055,Hair Dryer (Hand Held),1500,0.01,true,0.25
10000055,Television - 25 inch,123,0.167,false,0.0
10000055,Ceiling Fan with 3 - 60 Watt Bulbs,230,0.25,false,0.0
10000055,Fan,200,0.1,false,0.0
10000055,Refrigerator - Freezer 21 cu. ft.- Side by Side,783,1.0,true,0.25
10000055,Ceiling Fan w/o light,50,0.25,false,0.0
10000055,Ceiling Fan with 3 - 60 Watt Bulbs,230,0.25,false,0.0
10000056,Television - 32 inch,130,0.167,false,0.0
10000056,Air Purifier,120,1.0,true,0.5
10000056,Exercise Equipment - Treadmill 2 H.P.,2000,0.025,false,0.0
10000056,Air Conditioner - 10000 BTU,1000,0.25,true,0.5
10000056,Toaster Oven,1500,0.05,false,0.0
10000056,Compactor (Trash),400,0.01,false,0.0
10000056,Refrigerator - Freezer 24 cu. ft. - Frostfree,653,1.0,true,0.25
10000056,DVD,60,0.167,false,0.0
10000056,Lighting - 75 Watt,75,0.33,false,0.0
10000056,Microwave Oven,1500,0.01,false,0.0
10000056,Answering Machine,10,1.0,false,0.0
10000056,Clothes Dryer - Electric,5000,0.05,true,0.25
10000056,Answering Machine,10,1.0,false,0.0
10000056,Television - 60 inch,240,0.167,false,0.0
10000056,Air Conditioner - 7000 BTU,750,0.25,true,0.5
10000056,Hair Dryer (Hand Held),1500,0.01,true,0.25
10000056,Television - 13 inch,60,0.167,false,0.0
10000056,Fish Tank (10 Gallon),80,1.0,false,0.0
10000056,Toaster Oven,1500,0.05,false,0.0
10000057,Exercise Equipment - Treadmill 2 H.P.,2000,0.025,false,0.0
10000057,Toaster Oven,1500,0.05,false,0.0
10000057,Dishwasher (With Dry Cycle),1000,0.025,true,0.25
10000057,Ceiling Fan with 3 - 60 Watt Bulbs,230,0.25,false,0.0
10000057,Lawn Equipment - Hedge Trimmer,450,0.01,false,0.0
10000057,Lighting - Comp Fluorescent - 18 Watt,18,0.33,false,0.0
10000057,Refrigerator - Freezer 25 cu. ft. - Side by Side,841,1.0,true,0.25
10000057,Laptop,75,0.25,true,0.5
10000057,Lawn Equipment - Hedge Trimmer,450,0.01,false,0.0
10000057,Freezer - Upright/Chest 17 cu. ft,600,1.0,true,0.25
10000057,Exercise Equipment - Treadmill 3 H.P.,3000,0.025,false,0.0
10000057,Clock - Electric,3,1.0,false,0.0
10000057,Lighting - Chandelier 5 - 40 Watt Bulbs,200,0.33,false,0.0
10000057,Range - Small Surface Unit,1200,0.01,false,0.0
10000057,Range - Large Surface Unit,2400,0.01,false,0.0
10000057,Fax Machine,10,1.0,false,0.0
10000057,Air Conditioner - 5000 BTU,500,0.25,true,0.5
10000058,Lighting - 100 Watt,100,0.33,false,0.0
10000058,Stereo,75,0.25,false,0.0
10000058,Freezer - Upright/Chest 17 cu.ft. - Frostfree,600,1.0,true,0.25
10000058,Lighting - 60 Watt,60,0.33,false,0.0
10000058,DVD,60,0.167,false,0.0
10000058,Freezer - Upright/Chest 17 cu. ft,600,1.0,true,0.25
10000058,Refrigerator - 14 cu. ft.,226,1.0,true,0.25
10000058,Microwave Oven,1500,0.01,false,0.0
10000058,Fish Tank (50 Gallon),230,1.0,false,0.0
10000058,Hair Dryer (Hand Held),1500,0.01,true,0.25
10000058,Fish Tank (10 Gallon),80,1.0,false,0.0
10000058,Fish Tank (10 Gallon),80,1.0,false,0.0
10000058,Fan (Attic),500,0.1,true,0.25
10000058,Television - 19 inch,100,0.167,false,0.0
10000058,Dishwasher (Without Dry Cycle),200,0.025,true,0.25
10000058,Television - 19 inch,100,0.167,false,0.0
10000058,Bug Killer,40,0.5,false,0.0
10000059,Stereo,75,0.25,false,0.0
10000059,Iron,1100,0.01,false,0.0
10000059,Refrigerator - 21 cu.ft. - Frostfree,572,1.0,true,0.25
10000059,Television/DVD/VCR Combination,120,0.167,false,0.0
10000059,Television - 25 inch,123,0.167,false,0.0
10000059,Television - 19 inch,100,0.167,false,0.0
10000059,Lighting - 3 rooms (8 60W),480,0.167,false,0.0
10000059,Television - 36 inch,133,0.167,false,0.0
10000059,Slow Cooker,200,0.05,false,0.0
10000059,Lighting - Comp Fluorescent - 18 Watt,18,0.33,false,0.0
10000059,Freezer - Upright/Chest 17 cu.ft. - Frostfree,600,1.0,true,0.25
10000059,Telephone - Cordless,5,1.0,false,0.0
10000059,Hair Dryer (Hand Held),1500,0.01,true,0.25
10000059,Computer Printer (Printing),600,0.01,false,0.0
10000059,Fan,200,0.1,false,0.0
10000060,Ceiling Fan w/o light,50,0.25,false,0.0
10000060,Telephone - Cordless,5,1.0,false,0.0
10000060,Refrigerator - Freezer 24 cu. ft. - Frostfree,653,1.0,true,0.25
10000060,Lawn Equipment - Hedge Trimmer,450,0.01,false,0.0
10000060,Refrigerator - 1.7 cu. ft.,126,1.0,true,0.25
10000060,Ceiling Fan with 3 - 60 Watt Bulbs,230,0.25,false,0.0
10000060,Air Conditioner - 7000 BTU,750,0.25,true,0.5
10000060,Hair Dryer (Hand Held),1500,0.01,true,0.25
10000060,Television - 55 inch,220,0.167,false,0.0
10000060,Slow Cooker,200,0.05,false,0.0
10000060,Lighting - Fluorescent 2 bulb,100,0.33,false,0.0
10000060,Compactor (Trash),400,0.01,false,0.0
10000060,Television - 13 inch,60,0.167,false,0.0
10000060,Television - 32 inch,130,0.167,false,0.0
10000060,Refrigerator - 1.7 cu. ft.,126,1.0,true,0.25
10000061,Lighting - 40 Watt,40,0.33,false,0.0
10000061,Oven,5000,0.01,false,0.0
10000061,Refrigerator - 19 cu. ft. - Frostfree,509,1.0,true,0.25
10000061,Vacuum - Regular,1440,0.01,false,0.0
10000061,Refrigerator - 17 cu. ft - Frostfree,463,1.0,true,0.25
10000061,Clothes Dryer - Electric,5000,0.05,true,0.25
10000061,Ceiling Fan with 3 - 60 Watt Bulbs,230,0.25,false,0.0
10000061,Fan (Window),200,0.25,false,0.0
10000061,Bug Killer,40,0.5,false,0.0
10000061,Clock - Electric,3,1.0,false,0.0
10000061,Television - 25 inch,123,0.167,false,0.0
10000061,Slow Cooker,200,0.05,false,0.0
10000061,Bug Killer,40,0.5,false,0.0
10000061,Stereo,75,0.25,false,0.0
10000061,Exercise Equipment - Treadmill 3 H.P.,3000,0.025,false,0.0
10000062,Refrigerator - 17 cu. ft - Frostfree,463,1.0,true,0.25
10000062,Answering Machine,10,1.0,false,0.0
10000062,Iron,1100,0.01,false,0.0
10000062,Lighting - 3 rooms (8 60W),480,0.167,false,0.0
10000062,Air Conditioner - 7000 BTU,750,0.25,true,0.5
10000062,Slow Cooker,200,0.05,false,0.0
10000062,Range - Small Surface Unit,1200,0.01,false,0.0
10000062,Refrigerator - 21 cu.ft. - Frostfree,572,1.0,true,0.25
10000062,Lawn Equipment - Weed Eater,500,0.01,false,0.0
10000062,Microwave Oven,1500,0.01,false,0.0
10000062,Air Purifier,120,1.0,true,0.5
10000062,Fan,200,0.1,false,0.0
10000062,Refrigerator - 17 cu. ft - Frostfree,463,1.0,true,0.25
10000062,Clock - Electric,3,1.0,false,0.0
10000062,Lighting - 7 rooms (12 60W),720,0.167,false,0.0
10000062,Toaster,1000,0.01,false,0.0
10000062,Range - Large Surface Unit,2400,0.01,false,0.0
10000063,Air Conditioner - 7000 BTU,750,0.25,true,0.5
10000063,Clothes Dryer - Electric,5000,0.05,true,0.25
10000063,Lighting - 100 Watt,100,0.33,false,0.0
10000063,Iron,1100,0.01,false,0.0
10000063,Television - 25 inch,123,0.167,false,0.0
10000063,Fan (Attic),500,0.1,true,0.25
10000063,Ceiling Fan with 3 - 60 Watt Bulbs,230,0.25,false,0.0
10000063,Range - Small Surface Unit,1200,0.01,false,0.0
10000063,Air Conditioner - 10000 BTU,1000,0.25,true,0.5
10000063,Lighting - 7 rooms (12 60W),720,0.167,false,0.0
10000063,Electric Frying Pan,1500,0.01,false,0.0
10000063,Stereo,75,0.25,false,0.0
10000063,Lighting - Fluorescent 2 bulb,100,0.33,false,0.0
10000063,Fan (Attic),500,0.1,true,0.25
10000063,Video Game,200,0.167,false,0.0
10000063,Range - Large Surface Unit,2400,0.01,false,0.0
10000063,Laptop,75,0.25,true,0.5
10000063,Compactor (Trash),400,0.01,false,0.0
10000064,Clothes Washer,1200,0.025,true,0.25
10000064,VCR,45,0.05,false,0.0
10000064,Lighting - 5 rooms (10 60W),600,0.167,false,0.0
10000064,Ceiling Fan w/o light,50,0.25,false,0.0
10000064,Air Conditioner - 10000 BTU,1000,0.25,true,0.5
10000064,Fan (Attic),500,0.1,true,0.25
10000064,Vacuum - Regular,1440,0.01,false,0.0
10000064,Range - Large Surface Unit,2400,0.01,false,0.0
10000064,Computer Printer (Printing),600,0.01,false,0.0
10000064,Laptop,75,0.25,true,0.5
10000064,Stereo,75,0.25,false,0.0
10000064,Slow Cooker,200,0.05,false,0.0
10000064,Lighting - 3 rooms (8 60W),480,0.167,false,0.0
10000064,DVD,60,0.167,false,0.0
10000064,Range - Small Surface Unit,1200,0.01,false,0.0
10000064,Lighting - 75 Watt,75,0.33,false,0.0
10000065,Lighting - Halogen,90,0.33,false,0.0
10000065,Toaster,1000,0.01,false,0.0
10000065,Stereo,75,0.25,false,0.0
10000065,Fan (Window),200,0.25,false,0.0
10000065,Television - 43 inch,200,0.167,false,0.0
10000065,Range - Large Surface Unit,2400,0.01,false,0.0
10000065,Television 42' - 50' Projection,24,0.167,false,0.0
10000065,Television 42' - 50' Projection,24,0.167,false,0.0
10000065,Fish Tank (10 Gallon),80,1.0,false,0.0
10000065,Lighting - Comp Fluorescent - 18 Watt,18,0.33,false,0.0
10000065,Range - Small Surface Unit,1200,0.01,false,0.0
10000065,Refrigerator - 14 cu. ft.,226,1.0,true,0.25
10000065,Telephone - Cordless,5,1.0,false,0.0
10000065,Coffee Maker,900,0.01,false,0.0
10000065,Air Purifier,120,1.0,true,0.5
10000065,Exercise Equipment - Treadmill 3 H.P.,3000,0.025,false,0.0
10000065,Toaster,1000,0.01,false,0.0
10000065,Television - 32 inch,130,0.167,false,0.0
10000065,Clothes Washer,1200,0.025,true,0.25
10000065,Television - 43 inch,200,0.167,false,0.0
10000066,Vacuum - Regular,1440,0.01,false,0.0
10000066,Answering Machine,10,1.0,false,0.0
10000066,Refrigerator - Freezer 25 cu. ft. - Side by Side,841,1.0,true,0.25
10000066,Lighting - 7 rooms (12 60W),720,0.167,false,0.0
10000066,Dishwasher (Without Dry Cycle),200,0.025,true,0.25
10000066,Laptop,75,0.25,true,0.5
10000066,Lighting - Chandelier 5 - 40 Watt Bulbs,200,0.33,false,0.0
10000066,Television - 43 inch,200,0.167,false,0.0
10000066,Oven,5000,0.01,false,0.0
10000066,Refrigerator - 1.7 cu. ft.,126,1.0,true,0.25
10000066,Ceiling Fan with 3 - 60 Watt Bulbs,230,0.25,false,0.0
10000066,Television 42' - 50' Projection,24,0.167,false,0.0
10000066,Lighting - Comp Fluorescent - 23 Watt,23,0.33,false,0.0
10000066,Oven,5000,0.01,false,0.0
10000066,Compactor (Trash),400,0.01,false,0.0
10000066,Air Conditioner - 5000 BTU,500,0.25,true,0.5
10000067,Lawn Equipment - Hedge Trimmer,450,0.01,false,0.0
10000067,Iron,1100,0.01,false,0.0
10000067,Oven,5000,0.01,false,0.0
10000067,Refrigerator - 21 cu.ft. - Frostfree,572,1.0,true,0.25
10000067,Computer with Monitor,270,0.5,true,0.5
10000067,Oven,5000,0.01,false,0.0
10000067,Telephone - Cordless,5,1.0,false,0.0
10000067,Answering Machine,10,1.0,false,0.0
10000067,Freezer - Upright/Chest 17 cu.ft. - Frostfree,600,1.0,true,0.25
10000067,Fan,200,0.1,false,0.0
10000067,Fax Machine,10,1.0,false,0.0
10000067,Lighting - 3 rooms (8 60W),480,0.167,false,0.0
10000067,Refrigerator - Freezer 24 cu. ft. - Frostfree,653,1.0,true,0.25
10000067,Lighting - Fluorescent 2 bulb,100,0.33,false,0.0
10000067,Refrigerator - Freezer 25 cu. ft. - Side by Side,841,1.0,true,0.25
10000067,Ceiling Fan w/o light,50,0.25,false,0.0
10000067,Air Conditioner - 5000 BTU,500,0.25,true,0.5
10000068,Lighting - 10 rooms (15 60W),900,0.167,false,0.0
10000068,Toaster,1000,0.01,false,0.0
10000068,Refrigerator - Freezer 24 cu. ft. - Frostfree,653,1.0,true,0.25
10000068,Slow Cooker,200,0.05,false,0.0
10000068,Stereo,75,0.25,false,0.0
10000068,Lighting - 100 Watt,100,0.33,false,0.0
10000068,Refrigerator - 14 cu. ft. - Frostfree,383,1.0,true,0.25
10000068,Television - 13 inch,60,0.167,false,0.0
10000068,Iron,1100,0.01,false,0.0
10000068,Refrigerator - 21 cu.ft. - Frostfree,572,1.0,true,0.25
10000068,Fish Tank (10 Gallon),80,1.0,false,0.0
10000068,Range - Small Surface Unit,1200,0.01,false,0.0
10000068,Refrigerator - 19 cu. ft. - Frostfree,509,1.0,true,0.25
10000068,Computer Printer (Printing),600,0.01,false,0.0
10000068,Slow Cooker,200,0.05,false,0.0
10000068,Fan (Window),200,0.25,false,0.0
10000068,Television 42' - 50' Projection,24,0.167,false,0.0
10000068,Fan (Window),200,0.25,false,0.0
10000069,Television Plasma 42' - 50',375,0.167,false,0.0
10000069,Lighting - Comp Fluorescent - 18 Watt,18,0.33,false,0.0
10000069,Lighting - Chandelier 5 - 40 Watt Bulbs,200,0.33,false,0.0
10000069,Television - 36 inch,133,0.167,false,0.0
10000069,Electric Frying Pan,1500,0.01,false,0.0
10000069,Television Plasma 42' - 50',375,0.167,false,0.0
10000069,Lawn Equipment - Hedge Trimmer,450,0.01,false,0.0
10000069,Fish Tank (50 Gallon),230,1.0,false,0.0
10000069,Television Plasma 42' - 50',375,0.167,false,0.0
10000069,Refrigerator - Freezer 24 cu. ft. - Frostfree,653,1.0,true,0.25
10000069,Refrigerator - 1.7 cu. ft.,126,1.0,true,0.25
10000069,Fan,200,0.1,false,0.0
10000069,Refrigerator - 19 cu. ft. - Frostfree,509,1.0,true,0.25
10000069,Television Plasma 42' - 50',375,0.167,false,0.0
10000069,Vacuum - Regular,1440,0.01,false,0.0
10000069,Television - 13 inch,60,0.167,false,0.0
10000069,Telephone - Cordless,5,1.0,false,0.0
10000069,Electric Frying Pan,1500,0.01,false,0.0
10000070,Lawn Equipment - Weed Eater,500,0.01,false,0.0
10000070,Lighting - Comp Fluorescent - 18 Watt,18,0.33,false,0.0
10000070,Lighting - 3 rooms (8 60W),480,0.167,false,0.0
10000070,Refrigerator - 14 cu. ft.,226,1.0,true,0.25
10000070,Oven,5000,0.01,false,0.0
10000070,Air Conditioner - 5000 BTU,500,0.25,true,0.5
10000070,Television - 60 inch,240,0.167,false,0.0
10000070,Lighting - 40 Watt,40,0.33,false,0.0
10000070,Lighting - Comp Fluorescent - 18 Watt,18,0.33,false,0.0
10000070,Lighting - Chandelier 5 - 40 Watt Bulbs,200,0.33,false,0.0
10000070,Lighting - Fluorescent 2 bulb,100,0.33,false,0.0
10000070,Lighting - 7 rooms (12 60W),720,0.167,false,0.0
10000070,Microwave Oven,1500,0.01,false,0.0
10000070,Television - 36 inch,133,0.167,false,0.0
10000070,Electric Frying Pan,1500,0.01,false,0.0
10000070,Refrigerator - 17 cu. ft - Frostfree,463,1.0,true,0.25
10000070,Iron,1100,0.01,false,0.0
10000070,Compactor (Trash),400,0.01,false,0.0
10000070,Clock - Electric,3,1.0,false,0.0
10000071,Video Game,200,0.167,false,0.0
10000071,Lawn Equipment - Hedge Trimmer,450,0.01,false,0.0
10000071,Fax Machine,10,1.0,false,0.0
10000071,Electric Frying Pan,1500,0.01,false,0.0
10000071,Refrigerator - 1.7 cu. ft.,126,1.0,true,0.25
10000071,Lighting - Comp Fluorescent - 18 Watt,18,0.33,false,0.0
10000071,Dishwasher (With Dry Cycle),1000,0.025,true,0.25
10000071,Television - 25 inch,123,0.167,false,0.0
10000071,Refrigerator - 1.7 cu. ft.,126,1.0,true,0.25
10000071,Lighting - Fluorescent 2 bulb,100,0.33,false,0.0
10000071,Refrigerator - Freezer 24 cu. ft. - Frostfree,653,1.0,true,0.25
10000071,Television - 32 inch,130,0.167,false,0.0
10000071,Television Plasma 42' - 50',375,0.167,false,0.0
10000071,Lawn Equipment - Weed Eater,500,0.01,false,0.0
10000071,Lighting - 40 Watt,40,0.33,false,0.0
10000072,Laptop,75,0.25,true,0.5
10000072,Freezer - Upright/Chest 17 cu. ft,600,1.0,true,0.25
10000072,Television - 13 inch,60,0.167,false,0.0
10000072,Dishwasher (Without Dry Cycle),200,0.025,true,0.25
10000072,Television - 25 inch,123,0.167,false,0.0
10000072,Refrigerator - 19 cu. ft. - Frostfree,509,1.0,true,0.25
10000072,Telephone - Cordless,5,1.0,false,0.0
10000072,Iron,1100,0.01,false,0.0
10000072,Exercise Equipment - Treadmill 3 H.P.,3000,0.025,false,0.0
10000072,Slow Cooker,200,0.05,false,0.0
10000072,Clothes Washer,1200,0.025,true,0.25
10000072,Refrigerator - 1.7 cu. ft.,126,1.0,true,0.25
10000072,Slow Cooker,200,0.05,false,0.0
10000072,Iron,1100,0.01,false,0.0
10000072,Fan,200,0.1,false,0.0
10000073,Exercise Equipment - Treadmill 3 H.P.,3000,0.025,false,0.0
10000073,Refrigerator - 14 cu. ft.,226,1.0,true,0.25
10000073,Refrigerator - 19 cu. ft. - Frostfree,509,1.0,true,0.25
10000073,Lighting - Chandelier 5 - 40 Watt Bulbs,200,0.33,false,0.0
10000073,Slow Cooker,200,0.05,false,0.0
10000073,Television - 60 inch,240,0.167,false,0.0
10000073,Freezer - Upright/Chest 17 cu. ft,600,1.0,true,0.25
10000073,Dishwasher (With Dry Cycle),1000,0.025,true,0.25
10000073,Vacuum - Regular,1440,0.01,false,0.0
10000073,Computer with Monitor,270,0.5,true,0.5
10000073,Television - 25 inch,123,0.167,false,0.0
10000073,Television - 60 inch,240,0.167,false,0.0
10000073,Television - 36 inch,133,0.167,false,0.0
10000073,Television Plasma 42' - 50',375,0.167,false,0.0
10000073,Television - 60 inch,240,0.167,false,0.0
10000073,Refrigerator - Freezer 25 cu. ft. - Side by Side,841,1.0,true,0.25
10000073,Air Conditioner - 5000 BTU,500,0.25,true,0.5
10000073,Lighting - Chandelier 5 - 40 Watt Bulbs,200,0.33,false,0.0
10000074,Stereo,75,0.25,false,0.0
10000074,Lawn Equipment - Hedge Trimmer,450,0.01,false,0.0
10000074,Laptop,75,0.25,true,0.5
10000074,Lighting - 7 rooms (12 60W),720,0.167,false,0.0
10000074,Stereo,75,0.25,false,0.0
10000074,Lawn Equipment - Weed Eater,500,0.01,false,0.0
10000074,Lawn Mower,3000,0.01,false,0.0
10000074,Exercise Equipment - Treadmill 2 H.P.,2000,0.025,false,0.0
10000074,Lighting - 5 rooms (10 60W),600,0.167,false,0.0
10000074,Television/DVD/VCR Combination,120,0.167,false,0.0
10000074,Clothes Washer,1200,0.025,true,0.25
10000074,Television - 19 inch,100,0.167,false,0.0
10000074,Bug Killer,40,0.5,false,0.0
10000074,VCR,45,0.05,false,0.0
10000074,DVD,60,0.167,false,0.0
10000074,Lighting - Comp Fluorescent - 18 Watt,18,0.33,false,0.0
10000074,Oven,5000,0.01,false,0.0
10000075,Lighting - Halogen,90,0.33,false,0.0
10000075,Ceiling Fan with 3 - 60 Watt Bulbs,230,0.25,false,0.0
10000075,Television - 13 inch,60,0.167,false,0.0
10000075,Stereo,75,0.25,false,0.0
10000075,Television - 25 inch,123,0.167,false,0.0
10000075,Coffee Maker,900,0.01,false,0.0
10000075,Lighting - Comp Fluorescent - 23 Watt,23,0.33,false,0.0
10000075,Exercise Equipment - Treadmill 3 H.P.,3000,0.025,false,0.0
10000075,Dishwasher (With Dry Cycle),1000,0.025,true,0.25
10000075,Television - 36 inch,133,0.167,false,0.0
10000075,Ceiling Fan w/o light,50,0.25,false,0.0
10000075,Vacuum - Regular,1440,0.01,false,0.0
10000075,Refrigerator - Freezer 24 cu. ft. - Frostfree,653,1.0,true,0.25
10000075,Television - 27 inch,125,0.167,false,0.0
10000075,Vacuum - Regular,1440,0.01,false,0.0
10000075,Hair Dryer (Hand Held),1500,0.01,true,0.25
10000075,Refrigerator - 19 cu. ft. - Frostfree,509,1.0,true,0.25
10000075,Television/DVD/VCR Combination,120,0.167,false,0.0
10000075,VCR,45,0.05,false,0.0
10000076,Telephone - Cordless,5,1.0,false,0.0
10000076,Air Conditioner - 10000 BTU,1000,0.25,true,0.5
10000076,Fax Machine,10,1.0,false,0.0
10000076,Exercise Equipment - Treadmill 2 H.P.,2000,0.025,false,0.0
10000076,Freezer - Upright/Chest 17 cu. ft,600,1.0,true,0.25
10000076,Fax Machine,10,1.0,false,0.0
10000076,Television - 43 inch,200,0.167,false,0.0
10000076,Refrigerator - 14 cu. ft. - Frostfree,383,1.0,true,0.25
10000076,Lighting - 5 rooms (10 60W),600,0.167,false,0.0
10000076,Lighting - 75 Watt,75,0.33,false,0.0
10000076,Fan,200,0.1,false,0.0
10000076,Oven,5000,0.01,false,0.0
10000076,Refrigerator - 14 cu. ft. - Frostfree,383,1.0,true,0.25
10000076,Refrigerator - 21 cu.ft. - Frostfree,572,1.0,true,0.25
10000076,Lighting - 3 rooms (8 60W),480,0.167,false,0.0
10000076,Lighting - Comp Fluorescent - 23 Watt,23,0.33,false,0.0
10000076,Clothes Washer,1200,0.025,true,0.25
10000077,Coffee Maker,900,0.01,false,0.0
10000077,Laptop,75,0.25,true,0.5
10000077,Lighting - 40 Watt,40,0.33,false,0.0
10000077,Television/DVD/VCR Combination,120,0.167,false,0.0
10000077,Computer with Monitor,270,0.5,true,0.5
10000077,Range - Small Surface Unit,1200,0.01,false,0.0
10000077,Television Plasma 42' - 50',375,0.167,false,0.0
10000077,Refrigerator - 17 cu. ft - Frostfree,463,1.0,true,0.25
10000077,Air Purifier,120,1.0,true,0.5
10000077,Television - 27 inch,125,0.167,false,0.0
10000077,Air Conditioner - 10000 BTU,1000,0.25,true,0.5
10000077,Air Conditioner - 10000 BTU,1000,0.25,true,0.5
10000077,Lighting - 10 rooms (15 60W),900,0.167,false,0.0
10000077,Ceiling Fan w/o light,50,0.25,false,0.0
10000077,Television - 25 inch,123,0.167,false,0.0
10000077,DVD,60,0.167,false,0.0
10000077,Oven,5000,0.01,false,0.0
10000077,Vacuum - Regular,1440,0.01,false,0.0
10000077,Refrigerator - Freezer 21 cu. ft.- Side by Side,783,1.0,true,0.25
10000077,Television - 27 inch,125,0.167,false,0.0
10000078,Television 42' - 50' Projection,24,0.167,false,0.0
10000078,Vacuum - Regular,1440,0.01,false,0.0
10000078,Air Conditioner - 5000 BTU,500,0.25,true,0.5
10000078,Slow Cooker,200,0.05,false,0.0
10000078,Fish Tank (10 Gallon),80,1.0,false,0.0
10000078,Television - 36 inch,133,0.167,false,0.0
10000078,Fan,200,0.1,false,0.0
10000078,Lawn Mower,3000,0.01,false,0.0
10000078,Lighting - 40 Watt,40,0.33,false,0.0
10000078,Refrigerator - 21 cu.ft. - Frostfree,572,1.0,true,0.25
10000078,Fan,200,0.1,false,0.0
10000078,Lighting - Chandelier 5 - 40 Watt Bulbs,200,0.33,false,0.0
10000078,Air Conditioner - 7000 BTU,750,0.25,true,0.5
10000078,Telephone - Cordless,5,1.0,false,0.0
10000078,Computer Printer (Printing),600,0.01,false,0.0
10000079,Lighting - 10 rooms (15 60W),900,0.167,false,0.0
10000079,Refrigerator - 21 cu.ft. - Frostfree,572,1.0,true,0.25
10000079,Fish Tank (50 Gallon),230,1.0,false,0.0
10000079,Air Conditioner - 10000 BTU,1000,0.25,true,0.5
10000079,Television/DVD/VCR Combination,120,0.167,false,0.0
10000079,Video Game,200,0.167,false,0.0
10000079,Electric Frying Pan,1500,0.01,false,0.0
10000079,Range - Large Surface Unit,2400,0.01,false,0.0
10000079,Television - 27 inch,125,0.167,false,0.0
10000079,Refrigerator - 21 cu.ft. - Frostfree,572,1.0,true,0.25
10000079,Freezer - Upright/Chest 17 cu. ft,600,1.0,true,0.25
10000079,Vacuum - Regular,1440,0.01,false,0.0
10000079,Dishwasher (Without Dry Cycle),200,0.025,true,0.25
10000079,Clock - Electric,3,1.0,false,0.0
10000079,Refrigerator - 19 cu. ft. - Frostfree,509,1.0,true,0.25
10000079,Fax Machine,10,1.0,false,0.0
10000079,Air Purifier,120,1.0,true,0.5
10000079,Refrigerator - Freezer 21 cu. ft.- Side by Side,783,1.0,true,0.25
10000080,Slow Cooker,200,0.05,false,0.0
10000080,Refrigerator - 19 cu. ft. - Frostfree,509,1.0,true,0.25
10000080,Clock - Electric,3,1.0,false,0.0
10000080,Air Conditioner - 7000 BTU,750,0.25,true,0.5
10000080,Vacuum - Regular,1440,0.01,false,0.0
10000080,Toaster Oven,1500,0.05,false,0.0
10000080,Toaster,1000,0.01,false,0.0
10000080,Range - Large Surface Unit,2400,0.01,false,0.0
10000080,Lawn Mower,3000,0.01,false,0.0
10000080,Television - 32 inch,130,0.167,false,0.0
10000080,Television - 55 inch,220,0.167,false,0.0
10000080,Fax Machine,10,1.0,false,0.0
10000080,Hair Dryer (Hand Held),1500,0.01,true,0.25
10000080,Dishwasher (With Dry Cycle),1000,0.025,true,0.25
10000080,Lighting - Halogen,90,0.33,false,0.0
10000080,Ceiling Fan w/o light,50,0.25,false,0.0
10000081,Bug Killer,40,0.5,false,0.0
10000081,Television - 43 inch,200,0.167,false,0.0
10000081,Television - 27 inch,125,0.167,false,0.0
10000081,Fax Machine,10,1.0,false,0.0
10000081,Oven,5000,0.01,false,0.0
10000081,Fish Tank (10 Gallon),80,1.0,false,0.0
10000081,Video Game,200,0.167,false,0.0
10000081,Television - 32 inch,130,0.167,false,0.0
10000081,Television - 60 inch,240,0.167,false,0.0
10000081,Video Game,200,0.167,false,0.0
10000081,Exercise Equipment - Treadmill 2 H.P.,2000,0.025,false,0.0
10000081,Refrigerator - 14 cu. ft. - Frostfree,383,1.0,true,0.25
10000081,Exercise Equipment - Treadmill 3 H.P.,3000,0.025,false,0.0
10000081,Computer Printer (Printing),600,0.01,false,0.0
10000081,Television - 25 inch,123,0.167,false,0.0
10000081,Lighting - 5 rooms (10 60W),600,0.167,false,0.0
10000082,Lighting - 60 Watt,60,0.33,false,0.0
10000082,DVD,60,0.167,false,0.0
10000082,Exercise Equipment - Treadmill 2 H.P.,2000,0.025,false,0.0
10000082,Lawn Mower,3000,0.01,false,0.0
10000082,Answering Machine,10,1.0,false,0.0
10000082,Fish Tank (10 Gallon),80,1.0,false,0.0
10000082,Television - 32 inch,130,0.167,false,0.0
10000082,Clothes Dryer - Electric,5000,0.05,true,0.25
10000082,Lighting - 60 Watt,60,0.33,false,0.0
10000082,Hair Dryer (Hand Held),1500,0.01,true,0.25
10000082,Television 42' - 50' Projection,24,0.167,false,0.0
10000082,Refrigerator - 19 cu. ft. - Frostfree,509,1.0,true,0.25
10000082,Clothes Dryer - Electric,5000,0.05,true,0.25
10000082,Fish Tank (10 Gallon),80,1.0,false,0.0
10000082,Ceiling Fan with 3 - 60 Watt Bulbs,230,0.25,false,0.0
10000083,Television Plasma 42' - 50',375,0.167,false,0.0
10000083,Air Conditioner - 5000 BTU,500,0.25,true,0.5
10000083,Air Purifier,120,1.0,true,0.5
10000083,Toaster,1000,0.01,false,0.0
10000083,Slow Cooker,200,0.05,false,0.0
10000083,Refrigerator - 14 cu. ft.,226,1.0,true,0.25
10000083,Refrigerator - Freezer 24 cu. ft. - Frostfree,653,1.0,true,0.25
10000083,Clothes Washer,1200,0.025,true,0.25
10000083,Lawn Equipment - Hedge Trimmer,450,0.01,false,0.0
10000083,Ceiling Fan w/o light,50,0.25,false,0.0
10000083,Air Purifier,120,1.0,true,0.5
10000083,Refrigerator - 17 cu. ft - Frostfree,463,1.0,true,0.25
10000083,VCR,45,0.05,false,0.0
10000083,Range - Small Surface Unit,1200,0.01,false,0.0
10000083,Computer Printer (Printing),600,0.01,false,0.0
10000083,Television - 27 inch,125,0.167,false,0.0
10000083,Lighting - 100 Watt,100,0.33,false,0.0
10000084,Hair Dryer (Hand Held),1500,0.01,true,0.25
10000084,Lawn Equipment - Hedge Trimmer,450,0.01,false,0.0
10000084,Fish Tank (50 Gallon),230,1.0,false,0.0
10000084,Compactor (Trash),400,0.01,false,0.0
10000084,Television - 32 inch,130,0.167,false,0.0
10000084,Refrigerator - 14 cu. ft. - Frostfree,383,1.0,true,0.25
10000084,Refrigerator - Freezer 21 cu. ft.- Side by Side,783,1.0,true,0.25
10000084,Hair Dryer (Hand Held),1500,0.01,true,0.25
10000084,Refrigerator - 14 cu. ft. - Frostfree,383,1.0,true,0.25
10000084,Lighting - Halogen,90,0.33,false,0.0
10000084,Refrigerator - 1.7 cu. ft.,126,1.0,true,0.25
10000084,Lighting - Fluorescent 2 bulb,100,0.33,false,0.0
10000084,Freezer - Upright/Chest 17 cu.ft. - Frostfree,600,1.0,true,0.25
10000084,Television - 25 inch,123,0.167,false,0.0
10000084,Exercise Equipment - Treadmill 2 H.P.,2000,0.025,false,0.0
10000084,Range - Large Surface Unit,2400,0.01,false,0.0
10000084,Television - 36 inch,133,0.167,false,0.0
10000084,Range - Small Surface Unit,1200,0.01,false,0.0
10000084,Lawn Equipment - Weed Eater,500,0.01,false,0.0
10000084,Refrigerator - 14 cu. ft.,226,1.0,true,0.25
10000085,Slow Cooker,200,0.05,false,0.0
10000085,Television/DVD/VCR Combination,120,0.167,false,0.0
10000085,Lawn Equipment - Weed Eater,500,0.01,false,0.0
10000085,Television - 32 inch,130,0.167,false,0.0
10000085,Toaster,1000,0.01,false,0.0
10000085,Laptop,75,0.25,true,0.5
10000085,Freezer - Upright/Chest 17 cu. ft,600,1.0,true,0.25
10000085,Refrigerator - Freezer 21 cu. ft.- Side by Side,783,1.0,true,0.25
10000085,Ceiling Fan w/o light,50,0.25,false,0.0
10000085,Air Conditioner - 5000 BTU,500,0.25,true,0.5
10000085,Lighting - 10 rooms (15 60W),900,0.167,false,0.0
10000085,Refrigerator - Freezer 25 cu. ft. - Side by Side,841,1.0,true,0.25
10000085,Refrigerator - Freezer 21 cu. ft.- Side by Side,783,1.0,true,0.25
10000085,Slow Cooker,200,0.05,false,0.0
10000085,Answering Machine,10,1.0,false,0.0
10000085,Lighting - Fluorescent 2 bulb,100,0.33,false,0.0
10000085,Answering Machine,10,1.0,false,0.0
10000085,Refrigerator - Freezer 25 cu. ft. - Side by Side,841,1.0,true,0.25
10000086,Refrigerator - 14 cu. ft. - Frostfree,383,1.0,true,0.25
10000086,Laptop,75,0.25,true,0.5
10000086,Compactor (Trash),400,0.01,false,0.0
10000086,Video Game,200,0.167,false,0.0
10000086,Coffee Maker,900,0.01,false,0.0
10000086,Lighting - 100 Watt,100,0.33,false,0.0
10000086,Slow Cooker,200,0.05,false,0.0
10000086,Television - 36 inch,133,0.167,false,0.0
10000086,Dishwasher (Without Dry Cycle),200,0.025,true,0.25
10000086,Refrigerator - Freezer 21 cu. ft.- Side by Side,783,1.0,true,0.25
10000086,Answering Machine,10,1.0,false,0.0
10000086,Lighting - 100 Watt,100,0.33,false,0.0
10000086,Dishwasher (With Dry Cycle),1000,0.025,true,0.25
10000086,Computer Printer (Printing),600,0.01,false,0.0
10000086,Clothes Dryer - Electric,5000,0.05,true,0.25
10000086,Refrigerator - Freezer 21 cu. ft.- Side by Side,783,1.0,true,0.25
10000086,Lawn Equipment - Hedge Trimmer,450,0.01,false,0.0
10000087,Microwave Oven,1500,0.01,false,0.0
10000087,Ceiling Fan with 3 - 60 Watt Bulbs,230,0.25,false,0.0
10000087,Refrigerator - 21 cu.ft. - Frostfree,572,1.0,true,0.25
10000087,Toaster Oven,1500,0.05,false,0.0
10000087,Lighting - Fluorescent 2 bulb,100,0.33,false,0.0
10000087,Lighting - 3 rooms (8 60W),480,0.167,false,0.0
10000087,Refrigerator - 19 cu. ft. - Frostfree,509,1.0,true,0.25
10000087,Coffee Maker,900,0.01,false,0.0
10000087,Refrigerator - Freezer 25 cu. ft. - Side by Side,841,1.0,true,0.25
10000087,Television - 60 inch,240,0.167,false,0.0
10000087,Lighting - 40 Watt,40,0.33,false,0.0
10000087,Air Purifier,120,1.0,true,0.5
10000087,Television - 13 inch,60,0.167,false,0.0
10000087,Refrigerator - Freezer 25 cu. ft. - Side by Side,841,1.0,true,0.25
10000087,Iron,1100,0.01,false,0.0
10000087,Vacuum - Regular,1440,0.01,false,0.0
10000087,Fan (Window),200,0.25,false,0.0
10000087,Air Purifier,120,1.0,true,0.5
10000087,Refrigerator - 19 cu. ft. - Frostfree,509,1.0,true,0.25
10000087,Lawn Mower,3000,0.01,false,0.0
10000088,Lighting - 40 Watt,40,0.33,false,0.0
10000088,Dishwasher (Without Dry Cycle),200,0.025,true,0.25
10000088,Microwave Oven,1500,0.01,false,0.0
10000088,Exercise Equipment - Treadmill 3 H.P.,3000,0.025,false,0.0
10000088,Bug Killer,40,0.5,false,0.0
10000088,Lighting - 60 Watt,60,0.33,false,0.0
10000088,Iron,1100,0.01,false,0.0
10000088,Toaster,1000,0.01,false,0.0
10000088,Refrigerator - 1.7 cu. ft.,126,1.0,true,0.25
10000088,Lawn Equipment - Hedge Trimmer,450,0.01,false,0.0
10000088,Lighting - 40 Watt,40,0.33,false,0.0
10000088,Lighting - Halogen,90,0.33,false,0.0
10000088,Television - 36 inch,133,0.167,false,0.0
10000088,Lighting - 60 Watt,60,0.33,false,0.0
10000088,Computer Printer (Printing),600,0.01,false,0.0
10000088,Refrigerator - 19 cu. ft. - Frostfree,509,1.0,true,0.25
10000088,Ceiling Fan w/o light,50,0.25,false,0.0
10000088,Fan,200,0.1,false,0.0
10000089,Dishwasher (Without Dry Cycle),200,0.025,true,0.25
10000089,Lighting - Comp Fluorescent - 18 Watt,18,0.33,false,0.0
10000089,Slow Cooker,200,0.05,false,0.0
10000089,Electric Frying Pan,1500,0.01,false,0.0
10000089,Freezer - Upright/Chest 17 cu.ft. - Frostfree,600,1.0,true,0.25
10000089,Refrigerator - 21 cu.ft. - Frostfree,572,1.0,true,0.25
10000089,Television/DVD/VCR Combination,120,0.167,false,0.0
10000089,Air Conditioner - 7000 BTU,750,0.25,true,0.5
10000089,Television - 19 inch,100,0.167,false,0.0
10000089,Iron,1100,0.01,false,0.0
10000089,Clothes Dryer - Electric,5000,0.05,true,0.25
10000089,Coffee Maker,900,0.01,false,0.0
10000089,Dishwasher (With Dry Cycle),1000,0.025,true,0.25
10000089,Ceiling Fan with 3 - 60 Watt Bulbs,230,0.25,false,0.0
10000089,Ceiling Fan with 3 - 60 Watt Bulbs,230,0.25,false,0.0
10000090,Ceiling Fan w/o light,50,0.25,false,0.0
10000090,Television - 55 inch,220,0.167,false,0.0
10000090,Fish Tank (10 Gallon),80,1.0,false,0.0
10000090,Freezer - Upright/Chest 17 cu.ft. - Frostfree,600,1.0,true,0.25
10000090,Refrigerator - Freezer 21 cu. ft.- Side by Side,783,1.0,true,0.25
10000090,Compactor (Trash),400,0.01,false,0.0
10000090,Refrigerator - Freezer 25 cu. ft. - Side by Side,841,1.0,true,0.25
10000090,Clothes Dryer - Electric,5000,0.05,true,0.25
10000090,Air Conditioner - 7000 BTU,750,0.25,true,0.5
10000090,Air Conditioner - 7000 BTU,750,0.25,true,0.5
10000090,Refrigerator - 17 cu. ft - Frostfree,463,1.0,true,0.25
10000090,Exercise Equipment - Treadmill 2 H.P.,2000,0.025,false,0.0
10000090,Fish Tank (10 Gallon),80,1.0,false,0.0
10000090,Lighting - Comp Fluorescent - 23 Watt,23,0.33,false,0.0
10000090,Fish Tank (10 Gallon),80,1.0,false,0.0
10000090,Refrigerator - 1.7 cu. ft.,126,1.0,true,0.25
10000090,Television - 27 inch,125,0.167,false,0.0
10000091,Exercise Equipment - Treadmill 2 H.P.,2000,0.025,false,0.0
10000091,Air Purifier,120,1.0,true,0.5
10000091,Lighting - Halogen,90,0.33,false,0.0
10000091,Answering Machine,10,1.0,false,0.0
10000091,Lighting - 60 Watt,60,0.33,false,0.0
10000091,Video Game,200,0.167,false,0.0
10000091,Coffee Maker,900,0.01,false,0.0
10000091,Answering Machine,10,1.0,false,0.0
10000091,Lighting - 10 rooms (15 60W),900,0.167,false,0.0
10000091,Answering Machine,10,1.0,false,0.0
10000091,Stereo,75,0.25,false,0.0
10000091,Refrigerator - 19 cu. ft. - Frostfree,509,1.0,true,0.25
10000091,Toaster,1000,0.01,false,0.0
10000091,Television/DVD/VCR Combination,120,0.167,false,0.0
10000091,VCR,45,0.05,false,0.0
10000091,Lighting - Fluorescent 2 bulb,100,0.33,false,0.0
10000091,Television - 43 inch,200,0.167,false,0.0
10000092,Computer Printer (Printing),600,0.01,false,0.0
10000092,Television - 60 inch,240,0.167,false,0.0
10000092,Lighting - Fluorescent 2 bulb,100,0.33,false,0.0
10000092,Bug Killer,40,0.5,false,0.0
10000092,Lighting - Fluorescent 2 bulb,100,0.33,false,0.0
10000092,Dishwasher (With Dry Cycle),1000,0.025,true,0.25
10000092,Television - 13 inch,60,0.167,false,0.0
10000092,Television - 13 inch,60,0.167,false,0.0
10000092,Answering Machine,10,1.0,false,0.0
10000092,Range - Large Surface Unit,2400,0.01,false,0.0
10000092,Television - 55 inch,220,0.167,false,0.0
10000092,Vacuum - Regular,1440,0.01,false,0.0
10000092,Refrigerator - 1.7 cu. ft.,126,1.0,true,0.25
10000092,Refrigerator - 14 cu. ft. - Frostfree,383,1.0,true,0.25
10000092,Exercise Equipment - Treadmill 2 H.P.,2000,0.025,false,0.0
10000092,Toaster Oven,1500,0.05,false,0.0
10000092,Air Purifier,120,1.0,true,0.5
10000092,DVD,60,0.167,false,0.0
10000093,Clothes Washer,1200,0.025,true,0.25
10000093,Exercise Equipment - Treadmill 3 H.P.,3000,0.025,false,0.0
10000093,Toaster Oven,1500,0.05,false,0.0
10000093,Television Plasma 42' - 50',375,0.167,false,0.0
10000093,Refrigerator - 14 cu. ft.,226,1.0,true,0.25
10000093,Refrigerator - 19 cu. ft. - Frostfree,509,1.0,true,0.25
10000093,Lighting - Halogen,90,0.33,false,0.0
10000093,Refrigerator - 14 cu. ft.,226,1.0,true,0.25
10000093,Video Game,200,0.167,false,0.0
10000093,Air Conditioner - 10000 BTU,1000,0.25,true,0.5
10000093,Lawn Equipment - Hedge Trimmer,450,0.01,false,0.0
10000093,Lawn Equipment - Hedge Trimmer,450,0.01,false,0.0
10000093,Slow Cooker,200,0.05,false,0.0
10000093,Refrigerator - 14 cu. ft. - Frostfree,383,1.0,true,0.25
10000093,Television - 55 inch,220,0.167,false,0.0
10000093,Lighting - 100 Watt,100,0.33,false,0.0
10000093,Computer Printer (Printing),600,0.01,false,0.0
10000093,Fan (Attic),500,0.1,true,0.25
10000093,Dishwasher (With Dry Cycle),1000,0.025,true,0.25
10000093,Exercise Equipment - Treadmill 3 H.P.,3000,0.025,false,0.0
10000094,Television Plasma 42' - 50',375,0.167,false,0.0
10000094,Television - 55 inch,220,0.167,false,0.0
10000094,Stereo,75,0.25,false,0.0
10000094,Refrigerator - 14 cu. ft. - Frostfree,383,1.0,true,0.25
10000094,Television - 13 inch,60,0.167,false,0.0
10000094,Stereo,75,0.25,false,0.0
10000094,Television - 60 inch,240,0.167,false,0.0
10000094,Television - 32 inch,130,0.167,false,0.0
10000094,Range - Small Surface Unit,1200,0.01,false,0.0
10000094,Lighting - 60 Watt,60,0.33,false,0.0
10000094,Stereo,75,0.25,false,0.0
10000094,Television - 43 inch,200,0.167,false,0.0
10000094,Slow Cooker,200,0.05,false,0.0
10000094,Lighting - 100 Watt,100,0.33,false,0.0
10000094,Refrigerator - 1.7 cu. ft.,126,1.0,true,0.25
10000094,Television - 19 inch,100,0.167,false,0.0
10000095,Hair Dryer (Hand Held),1500,0.01,true,0.25
10000095,Coffee Maker,900,0.01,false,0.0
10000095,Compactor (Trash),400,0.01,false,0.0
10000095,Computer with Monitor,270,0.5,true,0.5
10000095,Refrigerator - 14 cu. ft.,226,1.0,true,0.25
10000095,Bug Killer,40,0.5,false,0.0
10000095,Compactor (Trash),400,0.01,false,0.0
10000095,Television/DVD/VCR Combination,120,0.167,false,0.0
10000095,Iron,1100,0.01,false,0.0
10000095,Air Conditioner - 7000 BTU,750,0.25,true,0.5
10000095,Television - 27 inch,125,0.167,false,0.0
10000095,Iron,1100,0.01,false,0.0
10000095,Lawn Mower,3000,0.01,false,0.0
10000095,Lighting - 5 rooms (10 60W),600,0.167,false,0.0
10000095,Television - 25 inch,123,0.167,false,0.0
10000096,Lighting - Comp Fluorescent - 18 Watt,18,0.33,false,0.0
10000096,Freezer - Upright/Chest 17 cu.ft. - Frostfree,600,1.0,true,0.25
10000096,Refrigerator - Freezer 25 cu. ft. - Side by Side,841,1.0,true,0.25
10000096,Oven,5000,0.01,false,0.0
10000096,Television Plasma 42' - 50',375,0.167,false,0.0
10000096,Range - Large Surface Unit,2400,0.01,false,0.0
10000096,Refrigerator - Freezer 25 cu. ft. - Side by Side,841,1.0,true,0.25
10000096,Television - 19 inch,100,0.167,false,0.0
10000096,Range - Small Surface Unit,1200,0.01,false,0.0
10000096,Computer Printer (Printing),600,0.01,false,0.0
10000096,Lawn Mower,3000,0.01,false,0.0
10000096,Exercise Equipment - Treadmill 2 H.P.,2000,0.025,false,0.0
10000096,Freezer - Upright/Chest 17 cu. ft,600,1.0,true,0.25
10000096,Fax Machine,10,1.0,false,0.0
10000096,Coffee Maker,900,0.01,false,0.0
10000097,Fish Tank (50 Gallon),230,1.0,false,0.0
10000097,Telephone - Cordless,5,1.0,false,0.0
10000097,Television - 32 inch,130,0.167,false,0.0
10000097,Computer with Monitor,270,0.5,true,0.5
10000097,Lighting - 10 rooms (15 60W),900,0.167,false,0.0
10000097,VCR,45,0.05,false,0.0
10000097,Range - Large Surface Unit,2400,0.01,false,0.0
10000097,Slow Cooker,200,0.05,false,0.0
10000097,Video Game,200,0.167,false,0.0
10000097,Refrigerator - 21 cu.ft. - Frostfree,572,1.0,true,0.25
10000097,Fan (Attic),500,0.1,true,0.25
10000097,Exercise Equipment - Treadmill 3 H.P.,3000,0.025,false,0.0
10000097,Iron,1100,0.01,false,0.0
10000097,Lighting - 100 Watt,100,0.33,false,0.0
10000097,Fax Machine,10,1.0,false,0.0
10000097,Lawn Mower,3000,0.01,false,0.0
10000097,Iron,1100,0.01,false,0.0
10000097,Refrigerator - 19 cu. ft. - Frostfree,509,1.0,true,0.25
10000097,Lighting - 60 Watt,60,0.33,false,0.0
10000097,Television - 36 inch,133,0.167,false,0.0
10000098,Television - 43 inch,200,0.167,false,0.0
10000098,Television - 19 inch,100,0.167,false,0.0
10000098,Video Game,200,0.167,false,0.0
10000098,Lighting - Chandelier 5 - 40 Watt Bulbs,200,0.33,false,0.0
10000098,Lighting - 7 rooms (12 60W),720,0.167,false,0.0
10000098,Microwave Oven,1500,0.01,false,0.0
10000098,Television Plasma 42' - 50',375,0.167,false,0.0
10000098,Air Conditioner - 5000 BTU,500,0.25,true,0.5
10000098,Exercise Equipment - Treadmill 3 H.P.,3000,0.025,false,0.0
10000098,Television - 60 inch,240,0.167,false,0.0
10000098,Refrigerator - 17 cu. ft - Frostfree,463,1.0,true,0.25
10000098,Air Conditioner - 7000 BTU,750,0.25,true,0.5
10000098,Computer with Monitor,270,0.5,true,0.5
10000098,Ceiling Fan with 3 - 60 Watt Bulbs,230,0.25,false,0.0
10000098,Exercise Equipment - Treadmill 3 H.P.,3000,0.025,false,0.0
10000098,Oven,5000,0.01,false,0.0
10000098,Refrigerator - 17 cu. ft - Frostfree,463,1.0,true,0.25
10000098,Fish Tank (10 Gallon),80,1.0,false,0.0
10000098,Coffee Maker,900,0.01,false,0.0
10000099,Slow Cooker,200,0.05,false,0.0
10000099,Toaster,1000,0.01,false,0.0
10000099,Refrigerator - 14 cu. ft. - Frostfree,383,1.0,true,0.25
10000099,Lighting - 40 Watt,40,0.33,false,0.0
10000099,Electric Frying Pan,1500,0.01,false,0.0
10000099,Telephone - Cordless,5,1.0,false,0.0
10000099,Clothes Washer,1200,0.025,true,0.25
10000099,Television/DVD/VCR Combination,120,0.167,false,0.0
10000099,Television/DVD/VCR Combination,120,0.167,false,0.0
10000099,Television - 43 inch,200,0.167,false,0.0
10000099,Fish Tank (10 Gallon),80,1.0,false,0.0
10000099,Toaster,1000,0.01,false,0.0
10000099,Coffee Maker,900,0.01,false,0.0
10000099,Lawn Equipment - Hedge Trimmer,450,0.01,false,0.0
10000099,Freezer - Upright/Chest 17 cu. ft,600,1.0,true,0.25
10000099,Fish Tank (50 Gallon),230,1.0,false,0.0
10000100,Television/DVD/VCR Combination,120,0.167,false,0.0
10000100,Lighting - 5 rooms (10 60W),600,0.167,false,0.0
10000100,Television/DVD/VCR Combination,120,0.167,false,0.0
10000100,Television - 19 inch,100,0.167,false,0.0
10000100,Television 42' - 50' Projection,24,0.167,false,0.0
10000100,Fan (Attic),500,0.1,true,0.25
10000100,Clothes Dryer - Electric,5000,0.05,true,0.25
10000100,Ceiling Fan with 3 - 60 Watt Bulbs,230,0.25,false,0.0
10000100,Lawn Mower,3000,0.01,false,0.0
10000100,Lighting - 10 rooms (15 60W),900,0.167,false,0.0
10000100,Air Purifier,120,1.0,true,0.5
10000100,Refrigerator - 17 cu. ft - Frostfree,463,1.0,true,0.25
10000100,Lighting - 7 rooms (12 60W),720,0.167,false,0.0
10000100,Lighting - Halogen,90,0.33,false,0.0
10000100,Television - 27 inch,125,0.167,false,0.0
